{
"type": "FeatureCollection",
"name": "madrid",
"crs": { "type": "name", "properties": { "name": "urn:ogc:def:crs:OGC:1.3:CRS84" } },
"features": [
{ "type": "Feature", "properties": { "CUDIS": "2800101", "NMUN": "Acebeda, La", "NCA": "Comunidad de Madrid" }, "geometry": { "type": "MultiPolygon", "coordinates": [ [ [ [ -3.643159638071366, 41.120633639183161 ], [ -3.676064953174186, 41.086696529533533 ], [ -3.628132286609069, 41.068857562069255 ], [ -3.61607467533965, 41.06986570068625 ], [ -3.609067804205902, 41.076359944403947 ], [ -3.599775315942979, 41.096137381278851 ], [ -3.643159638071366, 41.120633639183161 ] ] ] ] } },
{ "type": "Feature", "properties": { "CUDIS": "2800201", "NMUN": "Ajalvir", "NCA": "Comunidad de Madrid" }, "geometry": { "type": "MultiPolygon", "coordinates": [ [ [ [ -3.435099485029664, 40.50888681346445 ], [ -3.4809628658923, 40.562144474708539 ], [ -3.51221603216535, 40.538637063685343 ], [ -3.479609124176934, 40.494622936354965 ], [ -3.435099485029664, 40.50888681346445 ] ] ] ] } },
{ "type": "Feature", "properties": { "CUDIS": "2800301", "NMUN": "Alameda del Valle", "NCA": "Comunidad de Madrid" }, "geometry": { "type": "MultiPolygon", "coordinates": [ [ [ [ -3.808661976568126, 40.888234797116311 ], [ -3.880779732153373, 40.972786236246606 ], [ -3.890451125146662, 40.96905843275762 ], [ -3.898698925526118, 40.958321830653837 ], [ -3.81944355014409, 40.860537646829506 ], [ -3.808661976568126, 40.888234797116311 ] ] ] ] } },
{ "type": "Feature", "properties": { "CUDIS": "2800401", "NMUN": "Álamo, El", "NCA": "Comunidad de Madrid" }, "geometry": { "type": "MultiPolygon", "coordinates": [ [ [ [ -4.023768190397261, 40.249019307007742 ], [ -3.952916949180433, 40.212339297757353 ], [ -3.946379637672809, 40.224597745925024 ], [ -4.023768190397261, 40.249019307007742 ] ] ] ] } },
{ "type": "Feature", "properties": { "CUDIS": "2800501", "NMUN": "Alcalá de Henares", "NCA": "Comunidad de Madrid" }, "geometry": { "type": "MultiPolygon", "coordinates": [ [ [ [ -3.362033965659359, 40.476030658799729 ], [ -3.361736261479033, 40.490738964788278 ], [ -3.365116129306045, 40.489557225931918 ], [ -3.373453789952224, 40.486809930945981 ], [ -3.362033965659359, 40.476030658799729 ] ] ] ] } },
{ "type": "Feature", "properties": { "CUDIS": "2800502", "NMUN": "Alcalá de Henares", "NCA": "Comunidad de Madrid" }, "geometry": { "type": "MultiPolygon", "coordinates": [ [ [ [ -3.348076560893552, 40.453428878877183 ], [ -3.362033965659359, 40.476030658799729 ], [ -3.373453789952224, 40.486809930945981 ], [ -3.429437291465776, 40.468877284530372 ], [ -3.43218599406353, 40.467979692495355 ], [ -3.447397202842285, 40.446327151230385 ], [ -3.42683898131239, 40.453182959348212 ], [ -3.408734180081965, 40.453457572625048 ], [ -3.348076560893552, 40.453428878877183 ] ] ] ] } },
{ "type": "Feature", "properties": { "CUDIS": "2800503", "NMUN": "Alcalá de Henares", "NCA": "Comunidad de Madrid" }, "geometry": { "type": "MultiPolygon", "coordinates": [ [ [ [ -3.429437291465776, 40.468877284530372 ], [ -3.373453789952224, 40.486809930945981 ], [ -3.365116129306045, 40.489557225931918 ], [ -3.381934705900785, 40.528079853078147 ], [ -3.415814985010249, 40.54540474800033 ], [ -3.429076747454598, 40.510887941319474 ], [ -3.429437291465776, 40.468877284530372 ] ] ] ] } },
{ "type": "Feature", "properties": { "CUDIS": "2800504", "NMUN": "Alcalá de Henares", "NCA": "Comunidad de Madrid" }, "geometry": { "type": "MultiPolygon", "coordinates": [ [ [ [ -3.381934705900785, 40.528079853078147 ], [ -3.365116129306045, 40.489557225931918 ], [ -3.361736261479033, 40.490738964788278 ], [ -3.302757333319074, 40.531615171897762 ], [ -3.349930348601346, 40.531620366420121 ], [ -3.381934705900785, 40.528079853078147 ] ] ] ] } },
{ "type": "Feature", "properties": { "CUDIS": "2800505", "NMUN": "Alcalá de Henares", "NCA": "Comunidad de Madrid" }, "geometry": { "type": "MultiPolygon", "coordinates": [ [ [ [ -3.361736261479033, 40.490738964788278 ], [ -3.362033965659359, 40.476030658799729 ], [ -3.348076560893552, 40.453428878877183 ], [ -3.321330344208831, 40.471997206833692 ], [ -3.298707824723205, 40.49437596995665 ], [ -3.289835501670358, 40.531716935150477 ], [ -3.302757333319074, 40.531615171897762 ], [ -3.361736261479033, 40.490738964788278 ] ] ] ] } },
{ "type": "Feature", "properties": { "CUDIS": "2800601", "NMUN": "Alcobendas", "NCA": "Comunidad de Madrid" }, "geometry": { "type": "MultiPolygon", "coordinates": [ [ [ [ -3.658110273621497, 40.511493436991273 ], [ -3.602292976414127, 40.501265726671576 ], [ -3.554260152838256, 40.511334302228448 ], [ -3.553089037905329, 40.532249726141004 ], [ -3.626195197286034, 40.540282845535906 ], [ -3.673086133378554, 40.58690515416032 ], [ -3.658110273621497, 40.511493436991273 ] ] ] ] } },
{ "type": "Feature", "properties": { "CUDIS": "2800701", "NMUN": "Alcorcón", "NCA": "Comunidad de Madrid" }, "geometry": { "type": "MultiPolygon", "coordinates": [ [ [ [ -3.854251856931574, 40.332010001854421 ], [ -3.85346889134759, 40.332631274852453 ], [ -3.825326345692031, 40.343358048350758 ], [ -3.823508286970519, 40.350925158207907 ], [ -3.806941540445989, 40.366447515190416 ], [ -3.83523275481531, 40.396271404155527 ], [ -3.837814938591371, 40.402972612554045 ], [ -3.867597674266416, 40.377683317367321 ], [ -3.870925169696533, 40.353117807017583 ], [ -3.854251856931574, 40.332010001854421 ] ] ] ] } },
{ "type": "Feature", "properties": { "CUDIS": "2800702", "NMUN": "Alcorcón", "NCA": "Comunidad de Madrid" }, "geometry": { "type": "MultiPolygon", "coordinates": [ [ [ [ -3.823508286970519, 40.350925158207907 ], [ -3.80216577417461, 40.34174603700599 ], [ -3.794423191321884, 40.357236639976279 ], [ -3.787765811474207, 40.358696541759947 ], [ -3.806941540445989, 40.366447515190416 ], [ -3.823508286970519, 40.350925158207907 ] ] ] ] } },
{ "type": "Feature", "properties": { "CUDIS": "2800703", "NMUN": "Alcorcón", "NCA": "Comunidad de Madrid" }, "geometry": { "type": "MultiPolygon", "coordinates": [ [ [ [ -3.825326345692031, 40.343358048350758 ], [ -3.81081953806541, 40.335775742732913 ], [ -3.800839053658033, 40.341309263684927 ], [ -3.80216577417461, 40.34174603700599 ], [ -3.823508286970519, 40.350925158207907 ], [ -3.825326345692031, 40.343358048350758 ] ] ] ] } },
{ "type": "Feature", "properties": { "CUDIS": "2800704", "NMUN": "Alcorcón", "NCA": "Comunidad de Madrid" }, "geometry": { "type": "MultiPolygon", "coordinates": [ [ [ [ -3.844037390148557, 40.324239266053262 ], [ -3.818116312903458, 40.327778317811763 ], [ -3.81081953806541, 40.335775742732913 ], [ -3.825326345692031, 40.343358048350758 ], [ -3.85346889134759, 40.332631274852453 ], [ -3.844037390148557, 40.324239266053262 ] ] ] ] } },
{ "type": "Feature", "properties": { "CUDIS": "2800801", "NMUN": "Aldea del Fresno", "NCA": "Comunidad de Madrid" }, "geometry": { "type": "MultiPolygon", "coordinates": [ [ [ [ -4.187961542594956, 40.337852086605679 ], [ -4.23158043573305, 40.334084104777723 ], [ -4.236429076708389, 40.326497810841893 ], [ -4.295028387791568, 40.322623871817548 ], [ -4.231480990471188, 40.276666109595645 ], [ -4.226248268630404, 40.269953329009816 ], [ -4.172486131638923, 40.288099892234477 ], [ -4.169680104283139, 40.318395988284863 ], [ -4.187961542594956, 40.337852086605679 ] ] ] ] } },
{ "type": "Feature", "properties": { "CUDIS": "2800901", "NMUN": "Algete", "NCA": "Comunidad de Madrid" }, "geometry": { "type": "MultiPolygon", "coordinates": [ [ [ [ -3.539625459815424, 40.582300206554578 ], [ -3.466084372203559, 40.595465223827638 ], [ -3.453901926106255, 40.607270076130021 ], [ -3.490661479855934, 40.62506032117934 ], [ -3.559188453857936, 40.650540769161367 ], [ -3.593682570709733, 40.654803052413349 ], [ -3.591791063600095, 40.649165141828632 ], [ -3.584562075106348, 40.627364902938481 ], [ -3.539625459815424, 40.582300206554578 ] ] ] ] } },
{ "type": "Feature", "properties": { "CUDIS": "2801001", "NMUN": "Alpedrete", "NCA": "Comunidad de Madrid" }, "geometry": { "type": "MultiPolygon", "coordinates": [ [ [ [ -4.026040684385642, 40.632751345476429 ], [ -3.995264876883191, 40.681101962188784 ], [ -4.045055682665608, 40.662527975639669 ], [ -4.026040684385642, 40.632751345476429 ] ] ] ] } },
{ "type": "Feature", "properties": { "CUDIS": "2801101", "NMUN": "Ambite", "NCA": "Comunidad de Madrid" }, "geometry": { "type": "MultiPolygon", "coordinates": [ [ [ [ -3.150126436478976, 40.373421910737726 ], [ -3.176821245336767, 40.374166564859522 ], [ -3.204540423226897, 40.344022378225418 ], [ -3.216266788704418, 40.312882407232664 ], [ -3.182068515201479, 40.304555770991783 ], [ -3.143566047414741, 40.35785170165201 ], [ -3.150126436478976, 40.373421910737726 ] ] ] ] } },
{ "type": "Feature", "properties": { "CUDIS": "2801201", "NMUN": "Anchuelo", "NCA": "Comunidad de Madrid" }, "geometry": { "type": "MultiPolygon", "coordinates": [ [ [ [ -3.258189344607746, 40.484171160369755 ], [ -3.298707824723205, 40.49437596995665 ], [ -3.321330344208831, 40.471997206833692 ], [ -3.267418283850033, 40.439289682273234 ], [ -3.235204541792919, 40.444357642751612 ], [ -3.258189344607746, 40.484171160369755 ] ] ] ] } },
{ "type": "Feature", "properties": { "CUDIS": "2801301", "NMUN": "Aranjuez", "NCA": "Comunidad de Madrid" }, "geometry": { "type": "MultiPolygon", "coordinates": [ [ [ [ -3.602923286679016, 40.031886815350219 ], [ -3.577665080822197, 40.034767707240029 ], [ -3.601684387160657, 40.036871363856463 ], [ -3.602923286679016, 40.031886815350219 ] ] ] ] } },
{ "type": "Feature", "properties": { "CUDIS": "2801302", "NMUN": "Aranjuez", "NCA": "Comunidad de Madrid" }, "geometry": { "type": "MultiPolygon", "coordinates": [ [ [ [ -3.600156098025172, 40.021902035804487 ], [ -3.577665080822197, 40.034767707240029 ], [ -3.602923286679016, 40.031886815350219 ], [ -3.600156098025172, 40.021902035804487 ] ] ] ] } },
{ "type": "Feature", "properties": { "CUDIS": "2801303", "NMUN": "Aranjuez", "NCA": "Comunidad de Madrid" }, "geometry": { "type": "MultiPolygon", "coordinates": [ [ [ [ -3.602923286679016, 40.031886815350219 ], [ -3.61913047306414, 40.03170015080164 ], [ -3.616949742056323, 40.018683046572242 ], [ -3.600156098025172, 40.021902035804487 ], [ -3.602923286679016, 40.031886815350219 ] ] ] ] } },
{ "type": "Feature", "properties": { "CUDIS": "2801304", "NMUN": "Aranjuez", "NCA": "Comunidad de Madrid" }, "geometry": { "type": "MultiPolygon", "coordinates": [ [ [ [ -3.580934132277725, 40.098984989254831 ], [ -3.557585970405038, 40.125238746917454 ], [ -3.58374178536877, 40.12851386739122 ], [ -3.606714940735754, 40.109205116691967 ], [ -3.667873240486951, 40.028667000412611 ], [ -3.715723337010016, 40.00335903854586 ], [ -3.73944712105913, 39.961487427145208 ], [ -3.821988495000354, 39.946561391114585 ], [ -3.867444023431995, 39.932124426200154 ], [ -3.873143394288879, 39.909036047800463 ], [ -3.814871163287608, 39.885827327640015 ], [ -3.804455472979079, 39.884795408232094 ], [ -3.743871293215181, 39.940802498874078 ], [ -3.66595574809077, 39.963507998513748 ], [ -3.631028850029025, 39.968688300882654 ], [ -3.615616671993407, 39.993952656644325 ], [ -3.550737773826831, 40.017702429298247 ], [ -3.519882802646997, 40.020874508501699 ], [ -3.517191121595776, 40.036471837765511 ], [ -3.515196881668665, 40.043282452347782 ], [ -3.580934132277725, 40.098984989254831 ] ], [ [ -3.602923286679016, 40.031886815350219 ], [ -3.601684387160657, 40.036871363856463 ], [ -3.577665080822197, 40.034767707240029 ], [ -3.600156098025172, 40.021902035804487 ], [ -3.616949742056323, 40.018683046572242 ], [ -3.61913047306414, 40.03170015080164 ], [ -3.602923286679016, 40.031886815350219 ] ] ] ] } },
{ "type": "Feature", "properties": { "CUDIS": "2801401", "NMUN": "Arganda del Rey", "NCA": "Comunidad de Madrid" }, "geometry": { "type": "MultiPolygon", "coordinates": [ [ [ [ -3.482663039896837, 40.256935389317121 ], [ -3.447029982737913, 40.257467525210785 ], [ -3.423257698878966, 40.254699653248259 ], [ -3.369746104104939, 40.265333474648074 ], [ -3.426225746540017, 40.349709601946863 ], [ -3.453474693986194, 40.343263811669154 ], [ -3.471601987280237, 40.338111333826589 ], [ -3.519798485910616, 40.294280873259702 ], [ -3.482663039896837, 40.256935389317121 ] ] ] ] } },
{ "type": "Feature", "properties": { "CUDIS": "2801501", "NMUN": "Arroyomolinos", "NCA": "Comunidad de Madrid" }, "geometry": { "type": "MultiPolygon", "coordinates": [ [ [ [ -3.943386914244318, 40.261885239145741 ], [ -3.877005430702376, 40.288295996117668 ], [ -3.921541768733059, 40.302575632590163 ], [ -3.9417625577402, 40.29717933598608 ], [ -3.941523142716927, 40.292722651786995 ], [ -3.942061700392523, 40.291682224985621 ], [ -3.943386914244318, 40.261885239145741 ] ] ] ] } },
{ "type": "Feature", "properties": { "CUDIS": "2801601", "NMUN": "Atazar, El", "NCA": "Comunidad de Madrid" }, "geometry": { "type": "MultiPolygon", "coordinates": [ [ [ [ -3.451287163985448, 40.91286476410837 ], [ -3.421586779888333, 40.967282690561376 ], [ -3.48415687061376, 40.962637829629728 ], [ -3.502590336092058, 40.924556562838191 ], [ -3.497066405072136, 40.909811473603483 ], [ -3.451287163985448, 40.91286476410837 ] ] ] ] } },
{ "type": "Feature", "properties": { "CUDIS": "2801701", "NMUN": "Batres", "NCA": "Comunidad de Madrid" }, "geometry": { "type": "MultiPolygon", "coordinates": [ [ [ [ -3.936934273082186, 40.249679680990283 ], [ -3.946379637672809, 40.224597745925024 ], [ -3.952916949180433, 40.212339297757353 ], [ -3.956281843863763, 40.199072173000026 ], [ -3.949151402003395, 40.199531947382617 ], [ -3.938662212584201, 40.203603438633671 ], [ -3.925087685364069, 40.200068274975912 ], [ -3.904107682375282, 40.234726736477683 ], [ -3.936934273082186, 40.249679680990283 ] ] ] ] } },
{ "type": "Feature", "properties": { "CUDIS": "2801801", "NMUN": "Becerril de la Sierra", "NCA": "Comunidad de Madrid" }, "geometry": { "type": "MultiPolygon", "coordinates": [ [ [ [ -3.82996479279604, 40.680682994835983 ], [ -3.873867386029379, 40.68106216905398 ], [ -3.87336790855529, 40.657087188550683 ], [ -3.879673836463135, 40.651531697163129 ], [ -3.865679050508081, 40.645964170927947 ], [ -3.840387378828376, 40.665957382738078 ], [ -3.832029071536402, 40.676999808553717 ], [ -3.82996479279604, 40.680682994835983 ] ] ], [ [ [ -3.919235257237619, 40.672846333163214 ], [ -3.906590448512117, 40.673181819191093 ], [ -3.907425810197281, 40.677643642342332 ], [ -3.915943849607608, 40.675304545975948 ], [ -3.919235257237619, 40.672846333163214 ] ] ], [ [ [ -3.905983578714354, 40.682213758044107 ], [ -3.915117057498115, 40.675910468816525 ], [ -3.903669229370443, 40.680591039318628 ], [ -3.905983578714354, 40.682213758044107 ] ] ], [ [ [ -3.99749716743062, 40.69042721972059 ], [ -3.949834788182737, 40.716960877541155 ], [ -3.951549197329413, 40.721680819277466 ], [ -3.96857656508454, 40.767128314590217 ], [ -4.004857126691906, 40.710527782645727 ], [ -3.99749716743062, 40.69042721972059 ] ] ] ] } },
{ "type": "Feature", "properties": { "CUDIS": "2801901", "NMUN": "Belmonte de Tajo", "NCA": "Comunidad de Madrid" }, "geometry": { "type": "MultiPolygon", "coordinates": [ [ [ [ -3.348409987367225, 40.097977715177905 ], [ -3.296615927006144, 40.131310822677307 ], [ -3.32035661185014, 40.177984334232619 ], [ -3.377701885049714, 40.133646679964237 ], [ -3.348409987367225, 40.097977715177905 ] ] ] ] } },
{ "type": "Feature", "properties": { "CUDIS": "2802001", "NMUN": "Berzosa del Lozoya", "NCA": "Comunidad de Madrid" }, "geometry": { "type": "MultiPolygon", "coordinates": [ [ [ [ -3.495802227545323, 40.994038980417685 ], [ -3.562446270753314, 40.956174800412107 ], [ -3.492976630825998, 40.978111896981275 ], [ -3.495802227545323, 40.994038980417685 ] ] ] ] } },
{ "type": "Feature", "properties": { "CUDIS": "2802101", "NMUN": "Berrueco, El", "NCA": "Comunidad de Madrid" }, "geometry": { "type": "MultiPolygon", "coordinates": [ [ [ [ -3.544697859471223, 40.904516977239865 ], [ -3.568630356054216, 40.904202612694341 ], [ -3.599347485861507, 40.88867007726941 ], [ -3.571011278902503, 40.85099193480918 ], [ -3.544865541675061, 40.857530430628707 ], [ -3.536535220959985, 40.86244825599212 ], [ -3.524742919982108, 40.87612490129677 ], [ -3.517818869286041, 40.90492885149731 ], [ -3.544697859471223, 40.904516977239865 ] ] ] ] } },
{ "type": "Feature", "properties": { "CUDIS": "2802201", "NMUN": "Boadilla del Monte", "NCA": "Comunidad de Madrid" }, "geometry": { "type": "MultiPolygon", "coordinates": [ [ [ [ -3.948994311675478, 40.413778964305813 ], [ -3.867597674266416, 40.377683317367321 ], [ -3.837814938591371, 40.402972612554045 ], [ -3.863129348983645, 40.444082188322938 ], [ -3.880696394459694, 40.445136936958306 ], [ -3.944857687453762, 40.454856017866767 ], [ -3.948994311675478, 40.413778964305813 ] ] ] ] } },
{ "type": "Feature", "properties": { "CUDIS": "2802301", "NMUN": "Boalo, El", "NCA": "Comunidad de Madrid" }, "geometry": { "type": "MultiPolygon", "coordinates": [ [ [ [ -3.873867386029379, 40.68106216905398 ], [ -3.903669229370443, 40.680591039318628 ], [ -3.915117057498115, 40.675910468816525 ], [ -3.915943849607608, 40.675304545975948 ], [ -3.907425810197281, 40.677643642342332 ], [ -3.906590448512117, 40.673181819191093 ], [ -3.919235257237619, 40.672846333163214 ], [ -3.927849497353176, 40.657257002376213 ], [ -3.91821822796108, 40.649288900800954 ], [ -3.87336790855529, 40.657087188550683 ], [ -3.873867386029379, 40.68106216905398 ] ] ], [ [ [ -3.925758384844277, 40.678947211508856 ], [ -3.906631452682551, 40.738666606303681 ], [ -3.96857656508454, 40.767128314590217 ], [ -3.951549197329413, 40.721680819277466 ], [ -3.940724661326602, 40.712553017451128 ], [ -3.925758384844277, 40.678947211508856 ] ] ] ] } },
{ "type": "Feature", "properties": { "CUDIS": "2802401", "NMUN": "Braojos", "NCA": "Comunidad de Madrid" }, "geometry": { "type": "MultiPolygon", "coordinates": [ [ [ [ -3.628132286609069, 41.068857562069255 ], [ -3.676064953174186, 41.086696529533533 ], [ -3.687431226323831, 41.084941897114213 ], [ -3.706194906778392, 41.076861041912117 ], [ -3.637233831908969, 41.029059093491547 ], [ -3.628132286609069, 41.068857562069255 ] ] ] ] } },
{ "type": "Feature", "properties": { "CUDIS": "2802501", "NMUN": "Brea de Tajo", "NCA": "Comunidad de Madrid" }, "geometry": { "type": "MultiPolygon", "coordinates": [ [ [ [ -3.109506944715182, 40.285186262946269 ], [ -3.112084065417564, 40.285625243691513 ], [ -3.173398259157242, 40.234169155905505 ], [ -3.150905191298644, 40.222837955041285 ], [ -3.088230778524257, 40.200318026995078 ], [ -3.109506944715182, 40.285186262946269 ] ] ] ] } },
{ "type": "Feature", "properties": { "CUDIS": "2802601", "NMUN": "Brunete", "NCA": "Comunidad de Madrid" }, "geometry": { "type": "MultiPolygon", "coordinates": [ [ [ [ -4.005283507685914, 40.359292494139488 ], [ -3.94690907564527, 40.408039261850988 ], [ -4.026023526692298, 40.428221484614319 ], [ -4.046490695182348, 40.388312613692065 ], [ -4.035160848960608, 40.378373207954901 ], [ -4.005283507685914, 40.359292494139488 ] ] ] ] } },
{ "type": "Feature", "properties": { "CUDIS": "2802701", "NMUN": "Buitrago del Lozoya", "NCA": "Comunidad de Madrid" }, "geometry": { "type": "MultiPolygon", "coordinates": [ [ [ [ -3.61803532584369, 41.012974889916144 ], [ -3.634538576442978, 41.020894541900113 ], [ -3.654214669851038, 41.007268726801762 ], [ -3.665602702671478, 40.99531924104695 ], [ -3.65696302322975, 40.976354037188486 ], [ -3.644460979383008, 40.953700358329336 ], [ -3.629384723967143, 40.961545946610606 ], [ -3.580426278368553, 40.991020714980138 ], [ -3.61803532584369, 41.012974889916144 ] ] ] ] } },
{ "type": "Feature", "properties": { "CUDIS": "2802801", "NMUN": "Bustarviejo", "NCA": "Comunidad de Madrid" }, "geometry": { "type": "MultiPolygon", "coordinates": [ [ [ [ -3.693988192678962, 40.880447959732855 ], [ -3.69580372613223, 40.880635231531869 ], [ -3.789404216915193, 40.846532246786751 ], [ -3.722676591291786, 40.797377039580553 ], [ -3.701434850950196, 40.799808680966336 ], [ -3.671131025130096, 40.833475636607744 ], [ -3.693988192678962, 40.880447959732855 ] ] ] ] } },
{ "type": "Feature", "properties": { "CUDIS": "2802901", "NMUN": "Cabanillas de la Sierra", "NCA": "Comunidad de Madrid" }, "geometry": { "type": "MultiPolygon", "coordinates": [ [ [ [ -3.616631578405288, 40.841110400880225 ], [ -3.642808359358622, 40.851810245830855 ], [ -3.652957580461669, 40.833510403311308 ], [ -3.659619615005632, 40.804865474583913 ], [ -3.650973301894123, 40.801084081000546 ], [ -3.613312617161012, 40.809786835687753 ], [ -3.616631578405288, 40.841110400880225 ] ] ] ] } },
{ "type": "Feature", "properties": { "CUDIS": "2803001", "NMUN": "Cabrera, La", "NCA": "Comunidad de Madrid" }, "geometry": { "type": "MultiPolygon", "coordinates": [ [ [ [ -3.571011278902503, 40.85099193480918 ], [ -3.599347485861507, 40.88867007726941 ], [ -3.65042380979745, 40.879747527684458 ], [ -3.642808359358622, 40.851810245830855 ], [ -3.616631578405288, 40.841110400880225 ], [ -3.604707055093805, 40.842179675817455 ], [ -3.571011278902503, 40.85099193480918 ] ] ] ] } },
{ "type": "Feature", "properties": { "CUDIS": "2803101", "NMUN": "Cadalso de los Vidrios", "NCA": "Comunidad de Madrid" }, "geometry": { "type": "MultiPolygon", "coordinates": [ [ [ [ -4.435034484773905, 40.259303419799537 ], [ -4.379663102834595, 40.318010898147087 ], [ -4.45381440248177, 40.333093096689979 ], [ -4.472227993910919, 40.319531484832112 ], [ -4.49444311855141, 40.27851701448369 ], [ -4.435034484773905, 40.259303419799537 ] ] ] ] } },
{ "type": "Feature", "properties": { "CUDIS": "2803201", "NMUN": "Camarma de Esteruelas", "NCA": "Comunidad de Madrid" }, "geometry": { "type": "MultiPolygon", "coordinates": [ [ [ [ -3.349930348601346, 40.531620366420121 ], [ -3.338365569673292, 40.596825245960275 ], [ -3.382186843966182, 40.608165827248357 ], [ -3.395526038269741, 40.574555722554251 ], [ -3.415814985010249, 40.54540474800033 ], [ -3.381934705900785, 40.528079853078147 ], [ -3.349930348601346, 40.531620366420121 ] ] ] ] } },
{ "type": "Feature", "properties": { "CUDIS": "2803301", "NMUN": "Campo Real", "NCA": "Comunidad de Madrid" }, "geometry": { "type": "MultiPolygon", "coordinates": [ [ [ [ -3.348381052203494, 40.273795999988366 ], [ -3.312860536218225, 40.32861570454773 ], [ -3.356079306303901, 40.36225020436877 ], [ -3.426225746540017, 40.349709601946863 ], [ -3.369746104104939, 40.265333474648074 ], [ -3.348381052203494, 40.273795999988366 ] ] ] ] } },
{ "type": "Feature", "properties": { "CUDIS": "2803401", "NMUN": "Canencia", "NCA": "Comunidad de Madrid" }, "geometry": { "type": "MultiPolygon", "coordinates": [ [ [ [ -3.725303769790218, 40.935012379766682 ], [ -3.736893116857656, 40.941674015473858 ], [ -3.787059590801346, 40.913300344305718 ], [ -3.808661976568126, 40.888234797116311 ], [ -3.81944355014409, 40.860537646829506 ], [ -3.798240129129848, 40.848999144814393 ], [ -3.789404216915193, 40.846532246786751 ], [ -3.69580372613223, 40.880635231531869 ], [ -3.725303769790218, 40.935012379766682 ] ] ] ] } },
{ "type": "Feature", "properties": { "CUDIS": "2803501", "NMUN": "Carabaña", "NCA": "Comunidad de Madrid" }, "geometry": { "type": "MultiPolygon", "coordinates": [ [ [ [ -3.197305142101342, 40.257670485569683 ], [ -3.252134655230278, 40.303479494112423 ], [ -3.285142199287558, 40.261971799590988 ], [ -3.270434353296065, 40.214778839633347 ], [ -3.195381256113309, 40.247620018882074 ], [ -3.197305142101342, 40.257670485569683 ] ] ] ] } },
{ "type": "Feature", "properties": { "CUDIS": "2803601", "NMUN": "Casarrubuelos", "NCA": "Comunidad de Madrid" }, "geometry": { "type": "MultiPolygon", "coordinates": [ [ [ [ -3.840868064626064, 40.162598839384806 ], [ -3.806799780647606, 40.177301787661136 ], [ -3.853440014892887, 40.179398162247622 ], [ -3.840868064626064, 40.162598839384806 ] ] ] ] } },
{ "type": "Feature", "properties": { "CUDIS": "2803701", "NMUN": "Cenicientos", "NCA": "Comunidad de Madrid" }, "geometry": { "type": "MultiPolygon", "coordinates": [ [ [ [ -4.497938771022907, 40.221669031402342 ], [ -4.437448117469871, 40.237688699545068 ], [ -4.435034484773905, 40.259303419799537 ], [ -4.49444311855141, 40.27851701448369 ], [ -4.556011561388821, 40.266200939982397 ], [ -4.569218124575606, 40.257202284471965 ], [ -4.579005521077519, 40.217403044894681 ], [ -4.550528750633807, 40.201842152344121 ], [ -4.522143585310214, 40.20239903433891 ], [ -4.497938771022907, 40.221669031402342 ] ] ] ] } },
{ "type": "Feature", "properties": { "CUDIS": "2803801", "NMUN": "Cercedilla", "NCA": "Comunidad de Madrid" }, "geometry": { "type": "MultiPolygon", "coordinates": [ [ [ [ -4.008335378141703, 40.786972104428145 ], [ -4.021483791648159, 40.781264999697086 ], [ -4.070096415615063, 40.793866644263929 ], [ -4.079003930091774, 40.781472483759437 ], [ -4.096960637721179, 40.747657651335487 ], [ -4.051693796181609, 40.714318994474539 ], [ -4.040474392104112, 40.71868739432557 ], [ -4.002368670416218, 40.788434483294097 ], [ -4.008335378141703, 40.786972104428145 ] ] ] ] } },
{ "type": "Feature", "properties": { "CUDIS": "2803901", "NMUN": "Cervera de Buitrago", "NCA": "Comunidad de Madrid" }, "geometry": { "type": "MultiPolygon", "coordinates": [ [ [ [ -3.502590336092058, 40.924556562838191 ], [ -3.549732645605262, 40.921244161442928 ], [ -3.544697859471223, 40.904516977239865 ], [ -3.517818869286041, 40.90492885149731 ], [ -3.497066405072136, 40.909811473603483 ], [ -3.502590336092058, 40.924556562838191 ] ] ] ] } },
{ "type": "Feature", "properties": { "CUDIS": "2804001", "NMUN": "Ciempozuelos", "NCA": "Comunidad de Madrid" }, "geometry": { "type": "MultiPolygon", "coordinates": [ [ [ [ -3.620616387266424, 40.160123911418268 ], [ -3.607435625178487, 40.159969273651292 ], [ -3.613054466272047, 40.164638548379699 ], [ -3.620616387266424, 40.160123911418268 ] ] ] ] } },
{ "type": "Feature", "properties": { "CUDIS": "2804002", "NMUN": "Ciempozuelos", "NCA": "Comunidad de Madrid" }, "geometry": { "type": "MultiPolygon", "coordinates": [ [ [ [ -3.56027931845063, 40.190064314658478 ], [ -3.591477517488234, 40.196340621822749 ], [ -3.607435625178487, 40.159969273651292 ], [ -3.620616387266424, 40.160123911418268 ], [ -3.637882771526017, 40.165032066226182 ], [ -3.667185253933934, 40.143360193114113 ], [ -3.606714940735754, 40.109205116691967 ], [ -3.58374178536877, 40.12851386739122 ], [ -3.561956747367128, 40.171128059079962 ], [ -3.56027931845063, 40.190064314658478 ] ] ] ] } },
{ "type": "Feature", "properties": { "CUDIS": "2804003", "NMUN": "Ciempozuelos", "NCA": "Comunidad de Madrid" }, "geometry": { "type": "MultiPolygon", "coordinates": [ [ [ [ -3.620616387266424, 40.160123911418268 ], [ -3.613054466272047, 40.164638548379699 ], [ -3.637882771526017, 40.165032066226182 ], [ -3.620616387266424, 40.160123911418268 ] ] ] ] } },
{ "type": "Feature", "properties": { "CUDIS": "2804101", "NMUN": "Cobeña", "NCA": "Comunidad de Madrid" }, "geometry": { "type": "MultiPolygon", "coordinates": [ [ [ [ -3.51221603216535, 40.538637063685343 ], [ -3.4809628658923, 40.562144474708539 ], [ -3.466084372203559, 40.595465223827638 ], [ -3.539625459815424, 40.582300206554578 ], [ -3.544055244446647, 40.569783141986534 ], [ -3.51221603216535, 40.538637063685343 ] ] ] ] } },
{ "type": "Feature", "properties": { "CUDIS": "2804201", "NMUN": "Colmenar del Arroyo", "NCA": "Comunidad de Madrid" }, "geometry": { "type": "MultiPolygon", "coordinates": [ [ [ [ -4.16985286929495, 40.436869021567297 ], [ -4.214877440637974, 40.447534761618336 ], [ -4.253152133237772, 40.405161254245549 ], [ -4.235658959882475, 40.39325767972425 ], [ -4.182401029477807, 40.347774010017069 ], [ -4.146950792576958, 40.364697299603975 ], [ -4.16985286929495, 40.436869021567297 ] ] ] ] } },
{ "type": "Feature", "properties": { "CUDIS": "2804301", "NMUN": "Colmenar de Oreja", "NCA": "Comunidad de Madrid" }, "geometry": { "type": "MultiPolygon", "coordinates": [ [ [ [ -3.345026804491076, 40.080106561102092 ], [ -3.348409987367225, 40.097977715177905 ], [ -3.377701885049714, 40.133646679964237 ], [ -3.385023650687908, 40.135338170635748 ], [ -3.405253513272946, 40.12996915812294 ], [ -3.424677224798874, 40.04690328220687 ], [ -3.394179293900492, 40.035506225891858 ], [ -3.376445085739689, 40.04982221289518 ], [ -3.345026804491076, 40.080106561102092 ] ] ] ] } },
{ "type": "Feature", "properties": { "CUDIS": "2804302", "NMUN": "Colmenar de Oreja", "NCA": "Comunidad de Madrid" }, "geometry": { "type": "MultiPolygon", "coordinates": [ [ [ [ -3.451032631043731, 40.118243850314087 ], [ -3.549388141701796, 40.101946314599211 ], [ -3.580934132277725, 40.098984989254831 ], [ -3.515196881668665, 40.043282452347782 ], [ -3.510566205929197, 40.042872496406474 ], [ -3.473110249935788, 40.041918429958379 ], [ -3.424677224798874, 40.04690328220687 ], [ -3.405253513272946, 40.12996915812294 ], [ -3.451032631043731, 40.118243850314087 ] ] ] ] } },
{ "type": "Feature", "properties": { "CUDIS": "2804401", "NMUN": "Colmenarejo", "NCA": "Comunidad de Madrid" }, "geometry": { "type": "MultiPolygon", "coordinates": [ [ [ [ -4.001147974309407, 40.485633743617726 ], [ -3.984655033859791, 40.516534980191999 ], [ -4.04453464136462, 40.583273515383617 ], [ -4.045109362667965, 40.577291671425392 ], [ -4.047285637598959, 40.570700220848295 ], [ -4.001147974309407, 40.485633743617726 ] ] ] ] } },
{ "type": "Feature", "properties": { "CUDIS": "2804501", "NMUN": "Colmenar Viejo", "NCA": "Comunidad de Madrid" }, "geometry": { "type": "MultiPolygon", "coordinates": [ [ [ [ -3.710370250070346, 40.729306537677068 ], [ -3.733524205584262, 40.730893470758957 ], [ -3.800603641017097, 40.711089144114943 ], [ -3.82996479279604, 40.680682994835983 ], [ -3.832029071536402, 40.676999808553717 ], [ -3.840387378828376, 40.665957382738078 ], [ -3.865679050508081, 40.645964170927947 ], [ -3.842454869480513, 40.592558612363305 ], [ -3.810510349754131, 40.609470249901889 ], [ -3.667975320686766, 40.629601503114699 ], [ -3.625831662329587, 40.61675186901509 ], [ -3.584562075106348, 40.627364902938481 ], [ -3.591791063600095, 40.649165141828632 ], [ -3.639331636758643, 40.639195752652746 ], [ -3.677055093228926, 40.723283738712908 ], [ -3.675832778631346, 40.728382474106482 ], [ -3.710370250070346, 40.729306537677068 ] ] ] ] } },
{ "type": "Feature", "properties": { "CUDIS": "2804601", "NMUN": "Collado Mediano", "NCA": "Comunidad de Madrid" }, "geometry": { "type": "MultiPolygon", "coordinates": [ [ [ [ -4.045055682665608, 40.662527975639669 ], [ -3.995264876883191, 40.681101962188784 ], [ -3.99749716743062, 40.69042721972059 ], [ -4.004857126691906, 40.710527782645727 ], [ -4.040474392104112, 40.71868739432557 ], [ -4.051693796181609, 40.714318994474539 ], [ -4.061397448550076, 40.70066552456445 ], [ -4.045055682665608, 40.662527975639669 ] ] ] ] } },
{ "type": "Feature", "properties": { "CUDIS": "2804701", "NMUN": "Collado Villalba", "NCA": "Comunidad de Madrid" }, "geometry": { "type": "MultiPolygon", "coordinates": [ [ [ [ -4.02966785415503, 40.629862944067291 ], [ -3.95808652012425, 40.632854473828154 ], [ -3.995264876883191, 40.681101962188784 ], [ -4.026040684385642, 40.632751345476429 ], [ -4.02966785415503, 40.629862944067291 ] ] ] ] } },
{ "type": "Feature", "properties": { "CUDIS": "2804801", "NMUN": "Corpa", "NCA": "Comunidad de Madrid" }, "geometry": { "type": "MultiPolygon", "coordinates": [ [ [ [ -3.211157797247046, 40.434430586911375 ], [ -3.235204541792919, 40.444357642751612 ], [ -3.267418283850033, 40.439289682273234 ], [ -3.287890087745275, 40.418144303046148 ], [ -3.278569062911566, 40.394412479815117 ], [ -3.219319007690399, 40.403049158028132 ], [ -3.211157797247046, 40.434430586911375 ] ] ] ] } },
{ "type": "Feature", "properties": { "CUDIS": "2804901", "NMUN": "Coslada", "NCA": "Comunidad de Madrid" }, "geometry": { "type": "MultiPolygon", "coordinates": [ [ [ [ -3.577285204372199, 40.426541318755973 ], [ -3.576180288502546, 40.413082681346779 ], [ -3.558550355348158, 40.42761959356983 ], [ -3.577285204372199, 40.426541318755973 ] ] ] ] } },
{ "type": "Feature", "properties": { "CUDIS": "2804902", "NMUN": "Coslada", "NCA": "Comunidad de Madrid" }, "geometry": { "type": "MultiPolygon", "coordinates": [ [ [ [ -3.576180288502546, 40.413082681346779 ], [ -3.531193573935404, 40.420085103276854 ], [ -3.537071534857126, 40.425243568520386 ], [ -3.552510404681452, 40.42690529078773 ], [ -3.558550355348158, 40.42761959356983 ], [ -3.576180288502546, 40.413082681346779 ] ] ] ] } },
{ "type": "Feature", "properties": { "CUDIS": "2804903", "NMUN": "Coslada", "NCA": "Comunidad de Madrid" }, "geometry": { "type": "MultiPolygon", "coordinates": [ [ [ [ -3.552510404681452, 40.42690529078773 ], [ -3.537071534857126, 40.425243568520386 ], [ -3.52799673119344, 40.43550610904704 ], [ -3.552510404681452, 40.42690529078773 ] ] ] ] } },
{ "type": "Feature", "properties": { "CUDIS": "2804904", "NMUN": "Coslada", "NCA": "Comunidad de Madrid" }, "geometry": { "type": "MultiPolygon", "coordinates": [ [ [ [ -3.52799673119344, 40.43550610904704 ], [ -3.531148253998305, 40.446874688867226 ], [ -3.576835574389533, 40.429800339415493 ], [ -3.577285204372199, 40.426541318755973 ], [ -3.558550355348158, 40.42761959356983 ], [ -3.552510404681452, 40.42690529078773 ], [ -3.52799673119344, 40.43550610904704 ] ] ] ] } },
{ "type": "Feature", "properties": { "CUDIS": "2805001", "NMUN": "Cubas de la Sagra", "NCA": "Comunidad de Madrid" }, "geometry": { "type": "MultiPolygon", "coordinates": [ [ [ [ -3.806799780647606, 40.177301787661136 ], [ -3.821101322231923, 40.205161921828122 ], [ -3.869082472944434, 40.201076606560292 ], [ -3.876245878396295, 40.191106113318014 ], [ -3.853440014892887, 40.179398162247622 ], [ -3.806799780647606, 40.177301787661136 ] ] ] ] } },
{ "type": "Feature", "properties": { "CUDIS": "2805101", "NMUN": "Chapinería", "NCA": "Comunidad de Madrid" }, "geometry": { "type": "MultiPolygon", "coordinates": [ [ [ [ -4.182401029477807, 40.347774010017069 ], [ -4.235658959882475, 40.39325767972425 ], [ -4.23158043573305, 40.334084104777723 ], [ -4.187961542594956, 40.337852086605679 ], [ -4.182401029477807, 40.347774010017069 ] ] ] ] } },
{ "type": "Feature", "properties": { "CUDIS": "2805201", "NMUN": "Chinchón", "NCA": "Comunidad de Madrid" }, "geometry": { "type": "MultiPolygon", "coordinates": [ [ [ [ -3.451032631043731, 40.118243850314087 ], [ -3.405253513272946, 40.12996915812294 ], [ -3.385023650687908, 40.135338170635748 ], [ -3.423072880711822, 40.196954118591336 ], [ -3.49824735284516, 40.216883007149477 ], [ -3.56027931845063, 40.190064314658478 ], [ -3.561956747367128, 40.171128059079962 ], [ -3.557585970405038, 40.125238746917454 ], [ -3.580934132277725, 40.098984989254831 ], [ -3.549388141701796, 40.101946314599211 ], [ -3.522343045940851, 40.136443668385112 ], [ -3.451032631043731, 40.118243850314087 ] ] ] ] } },
{ "type": "Feature", "properties": { "CUDIS": "2805301", "NMUN": "Daganzo de Arriba", "NCA": "Comunidad de Madrid" }, "geometry": { "type": "MultiPolygon", "coordinates": [ [ [ [ -3.4809628658923, 40.562144474708539 ], [ -3.435099485029664, 40.50888681346445 ], [ -3.429076747454598, 40.510887941319474 ], [ -3.415814985010249, 40.54540474800033 ], [ -3.395526038269741, 40.574555722554251 ], [ -3.442130002403962, 40.617531610127571 ], [ -3.453901926106255, 40.607270076130021 ], [ -3.466084372203559, 40.595465223827638 ], [ -3.4809628658923, 40.562144474708539 ] ] ] ] } },
{ "type": "Feature", "properties": { "CUDIS": "2805401", "NMUN": "Escorial, El", "NCA": "Comunidad de Madrid" }, "geometry": { "type": "MultiPolygon", "coordinates": [ [ [ [ -4.041321511117843, 40.611889207699846 ], [ -4.123914196761317, 40.597467431067052 ], [ -4.127874552050907, 40.581673752812421 ], [ -4.045109362667965, 40.577291671425392 ], [ -4.04453464136462, 40.583273515383617 ], [ -4.041321511117843, 40.611889207699846 ] ] ] ] } },
{ "type": "Feature", "properties": { "CUDIS": "2805402", "NMUN": "Escorial, El", "NCA": "Comunidad de Madrid" }, "geometry": { "type": "MultiPolygon", "coordinates": [ [ [ [ -4.128232742797685, 40.52204271475329 ], [ -4.047285637598959, 40.570700220848295 ], [ -4.045109362667965, 40.577291671425392 ], [ -4.127874552050907, 40.581673752812421 ], [ -4.123914196761317, 40.597467431067052 ], [ -4.041321511117843, 40.611889207699846 ], [ -4.032998529873275, 40.630155649362109 ], [ -4.09278204212085, 40.630682976871398 ], [ -4.160541585459157, 40.562547905050543 ], [ -4.153898553474711, 40.531529160933147 ], [ -4.132012153390436, 40.518945990802983 ], [ -4.128232742797685, 40.52204271475329 ] ] ] ] } },
{ "type": "Feature", "properties": { "CUDIS": "2805501", "NMUN": "Estremera", "NCA": "Comunidad de Madrid" }, "geometry": { "type": "MultiPolygon", "coordinates": [ [ [ [ -3.088230778524257, 40.200318026995078 ], [ -3.150905191298644, 40.222837955041285 ], [ -3.149765974642834, 40.161525866254166 ], [ -3.118189514941352, 40.061428379999363 ], [ -3.095338725685989, 40.068386668862914 ], [ -3.053372195656154, 40.099143590235983 ], [ -3.067907643527389, 40.157672147654317 ], [ -3.088230778524257, 40.200318026995078 ] ] ] ] } },
{ "type": "Feature", "properties": { "CUDIS": "2805601", "NMUN": "Fresnedillas de la Oliva", "NCA": "Comunidad de Madrid" }, "geometry": { "type": "MultiPolygon", "coordinates": [ [ [ [ -4.141313159758296, 40.506260315264299 ], [ -4.207772748870309, 40.498539764955233 ], [ -4.214877440637974, 40.447534761618336 ], [ -4.16985286929495, 40.436869021567297 ], [ -4.141313159758296, 40.506260315264299 ] ] ] ] } },
{ "type": "Feature", "properties": { "CUDIS": "2805701", "NMUN": "Fresno de Torote", "NCA": "Comunidad de Madrid" }, "geometry": { "type": "MultiPolygon", "coordinates": [ [ [ [ -3.382136530261922, 40.630470039625976 ], [ -3.420273934695025, 40.64584476309426 ], [ -3.442130002403962, 40.617531610127571 ], [ -3.395526038269741, 40.574555722554251 ], [ -3.382186843966182, 40.608165827248357 ], [ -3.371730800062341, 40.625767950438437 ], [ -3.382136530261922, 40.630470039625976 ] ] ] ] } },
{ "type": "Feature", "properties": { "CUDIS": "2805801", "NMUN": "Fuenlabrada", "NCA": "Comunidad de Madrid" }, "geometry": { "type": "MultiPolygon", "coordinates": [ [ [ [ -3.790387976381064, 40.293452145786681 ], [ -3.780874253608716, 40.295507318610483 ], [ -3.789025355532944, 40.29635792741874 ], [ -3.790387976381064, 40.293452145786681 ] ] ] ] } },
{ "type": "Feature", "properties": { "CUDIS": "2805802", "NMUN": "Fuenlabrada", "NCA": "Comunidad de Madrid" }, "geometry": { "type": "MultiPolygon", "coordinates": [ [ [ [ -3.791281929669954, 40.282477298314802 ], [ -3.740171591514568, 40.264476814830573 ], [ -3.739535561735426, 40.270935122584518 ], [ -3.750450070617356, 40.276197603053546 ], [ -3.761744430777305, 40.294207171511658 ], [ -3.780874253608716, 40.295507318610483 ], [ -3.790387976381064, 40.293452145786681 ], [ -3.791281929669954, 40.282477298314802 ] ] ] ] } },
{ "type": "Feature", "properties": { "CUDIS": "2805803", "NMUN": "Fuenlabrada", "NCA": "Comunidad de Madrid" }, "geometry": { "type": "MultiPolygon", "coordinates": [ [ [ [ -3.791281929669954, 40.282477298314802 ], [ -3.790387976381064, 40.293452145786681 ], [ -3.789025355532944, 40.29635792741874 ], [ -3.792225326419435, 40.297245977416921 ], [ -3.794054054954642, 40.293737912830743 ], [ -3.798056348964521, 40.285367815293768 ], [ -3.791281929669954, 40.282477298314802 ] ] ] ] } },
{ "type": "Feature", "properties": { "CUDIS": "2805804", "NMUN": "Fuenlabrada", "NCA": "Comunidad de Madrid" }, "geometry": { "type": "MultiPolygon", "coordinates": [ [ [ [ -3.810352845146818, 40.274687542679274 ], [ -3.800967917426041, 40.250243117587651 ], [ -3.74117651192758, 40.254276408863014 ], [ -3.740171591514568, 40.264476814830573 ], [ -3.791281929669954, 40.282477298314802 ], [ -3.798056348964521, 40.285367815293768 ], [ -3.810352845146818, 40.274687542679274 ] ] ] ] } },
{ "type": "Feature", "properties": { "CUDIS": "2805805", "NMUN": "Fuenlabrada", "NCA": "Comunidad de Madrid" }, "geometry": { "type": "MultiPolygon", "coordinates": [ [ [ [ -3.798056348964521, 40.285367815293768 ], [ -3.794054054954642, 40.293737912830743 ], [ -3.803758000721092, 40.289981666099173 ], [ -3.799021840461877, 40.28609541499543 ], [ -3.798056348964521, 40.285367815293768 ] ] ] ] } },
{ "type": "Feature", "properties": { "CUDIS": "2805806", "NMUN": "Fuenlabrada", "NCA": "Comunidad de Madrid" }, "geometry": { "type": "MultiPolygon", "coordinates": [ [ [ [ -3.827054324340971, 40.300406989776057 ], [ -3.803758000721092, 40.289981666099173 ], [ -3.794054054954642, 40.293737912830743 ], [ -3.792225326419435, 40.297245977416921 ], [ -3.818116312903458, 40.327778317811763 ], [ -3.844037390148557, 40.324239266053262 ], [ -3.841769473636476, 40.314827615012206 ], [ -3.827054324340971, 40.300406989776057 ] ] ] ] } },
{ "type": "Feature", "properties": { "CUDIS": "2805807", "NMUN": "Fuenlabrada", "NCA": "Comunidad de Madrid" }, "geometry": { "type": "MultiPolygon", "coordinates": [ [ [ [ -3.832086238148484, 40.286385075425201 ], [ -3.799021840461877, 40.28609541499543 ], [ -3.803758000721092, 40.289981666099173 ], [ -3.827054324340971, 40.300406989776057 ], [ -3.832086238148484, 40.286385075425201 ] ] ] ] } },
{ "type": "Feature", "properties": { "CUDIS": "2805808", "NMUN": "Fuenlabrada", "NCA": "Comunidad de Madrid" }, "geometry": { "type": "MultiPolygon", "coordinates": [ [ [ [ -3.810352845146818, 40.274687542679274 ], [ -3.798056348964521, 40.285367815293768 ], [ -3.799021840461877, 40.28609541499543 ], [ -3.832086238148484, 40.286385075425201 ], [ -3.838690806471432, 40.278089483084507 ], [ -3.839465182657955, 40.276975749056078 ], [ -3.810352845146818, 40.274687542679274 ] ] ] ] } },
{ "type": "Feature", "properties": { "CUDIS": "2805809", "NMUN": "Fuenlabrada", "NCA": "Comunidad de Madrid" }, "geometry": { "type": "MultiPolygon", "coordinates": [ [ [ [ -3.832086238148484, 40.286385075425201 ], [ -3.827054324340971, 40.300406989776057 ], [ -3.841769473636476, 40.314827615012206 ], [ -3.842991444108054, 40.314957525992405 ], [ -3.841115798408621, 40.285746892617972 ], [ -3.838690806471432, 40.278089483084507 ], [ -3.832086238148484, 40.286385075425201 ] ] ] ] } },
{ "type": "Feature", "properties": { "CUDIS": "2805901", "NMUN": "Fuente el Saz de Jarama", "NCA": "Comunidad de Madrid" }, "geometry": { "type": "MultiPolygon", "coordinates": [ [ [ [ -3.490661479855934, 40.62506032117934 ], [ -3.48279313391713, 40.667953460612949 ], [ -3.556778966598259, 40.660932227229651 ], [ -3.559188453857936, 40.650540769161367 ], [ -3.490661479855934, 40.62506032117934 ] ] ] ] } },
{ "type": "Feature", "properties": { "CUDIS": "2806001", "NMUN": "Fuentidueña de Tajo", "NCA": "Comunidad de Madrid" }, "geometry": { "type": "MultiPolygon", "coordinates": [ [ [ [ -3.118189514941352, 40.061428379999363 ], [ -3.149765974642834, 40.161525866254166 ], [ -3.197705481540494, 40.156140961312069 ], [ -3.201036565133494, 40.085586398687305 ], [ -3.188618189487656, 40.082498719110234 ], [ -3.161376651383907, 40.064873267329098 ], [ -3.118189514941352, 40.061428379999363 ] ] ] ] } },
{ "type": "Feature", "properties": { "CUDIS": "2806101", "NMUN": "Galapagar", "NCA": "Comunidad de Madrid" }, "geometry": { "type": "MultiPolygon", "coordinates": [ [ [ [ -4.04453464136462, 40.583273515383617 ], [ -3.984655033859791, 40.516534980191999 ], [ -3.939759569593402, 40.508206065864442 ], [ -3.945368305603242, 40.551240656554803 ], [ -3.953064932010442, 40.597437884298373 ], [ -3.95808652012425, 40.632854473828154 ], [ -4.02966785415503, 40.629862944067291 ], [ -4.032998529873275, 40.630155649362109 ], [ -4.041321511117843, 40.611889207699846 ], [ -4.04453464136462, 40.583273515383617 ] ] ] ] } },
{ "type": "Feature", "properties": { "CUDIS": "2806201", "NMUN": "Garganta de los Montes", "NCA": "Comunidad de Madrid" }, "geometry": { "type": "MultiPolygon", "coordinates": [ [ [ [ -3.65696302322975, 40.976354037188486 ], [ -3.725303769790218, 40.935012379766682 ], [ -3.69580372613223, 40.880635231531869 ], [ -3.693988192678962, 40.880447959732855 ], [ -3.675331005151437, 40.892196406838799 ], [ -3.644460979383008, 40.953700358329336 ], [ -3.65696302322975, 40.976354037188486 ] ] ] ] } },
{ "type": "Feature", "properties": { "CUDIS": "2806301", "NMUN": "Gargantilla del Lozoya y Pinilla de Buitrago", "NCA": "Comunidad de Madrid" }, "geometry": { "type": "MultiPolygon", "coordinates": [ [ [ [ -3.665602702671478, 40.99531924104695 ], [ -3.679356650085478, 40.992148710582661 ], [ -3.738585797409121, 40.974934038923287 ], [ -3.736893116857656, 40.941674015473858 ], [ -3.725303769790218, 40.935012379766682 ], [ -3.65696302322975, 40.976354037188486 ], [ -3.665602702671478, 40.99531924104695 ] ] ] ] } },
{ "type": "Feature", "properties": { "CUDIS": "2806401", "NMUN": "Gascones", "NCA": "Comunidad de Madrid" }, "geometry": { "type": "MultiPolygon", "coordinates": [ [ [ [ -3.637233831908969, 41.029059093491547 ], [ -3.706194906778392, 41.076861041912117 ], [ -3.715981486213116, 41.071638523577022 ], [ -3.721423060687819, 41.06503269246744 ], [ -3.654214669851038, 41.007268726801762 ], [ -3.634538576442978, 41.020894541900113 ], [ -3.637233831908969, 41.029059093491547 ] ] ] ] } },
{ "type": "Feature", "properties": { "CUDIS": "2806501", "NMUN": "Getafe", "NCA": "Comunidad de Madrid" }, "geometry": { "type": "MultiPolygon", "coordinates": [ [ [ [ -3.733625265226894, 40.310023404497251 ], [ -3.750450070617356, 40.276197603053546 ], [ -3.739535561735426, 40.270935122584518 ], [ -3.704524424347523, 40.267836893480045 ], [ -3.702821509218809, 40.267678020872339 ], [ -3.725106859729252, 40.308836590992414 ], [ -3.733625265226894, 40.310023404497251 ] ] ] ] } },
{ "type": "Feature", "properties": { "CUDIS": "2806502", "NMUN": "Getafe", "NCA": "Comunidad de Madrid" }, "geometry": { "type": "MultiPolygon", "coordinates": [ [ [ [ -3.725106859729252, 40.308836590992414 ], [ -3.709428501491601, 40.323276666296415 ], [ -3.722676149299489, 40.33277416755331 ], [ -3.733625265226894, 40.310023404497251 ], [ -3.725106859729252, 40.308836590992414 ] ] ] ] } },
{ "type": "Feature", "properties": { "CUDIS": "2806503", "NMUN": "Getafe", "NCA": "Comunidad de Madrid" }, "geometry": { "type": "MultiPolygon", "coordinates": [ [ [ [ -3.750450070617356, 40.276197603053546 ], [ -3.733625265226894, 40.310023404497251 ], [ -3.722676149299489, 40.33277416755331 ], [ -3.724927382763441, 40.334984935741609 ], [ -3.744982200255629, 40.317101327363829 ], [ -3.761744430777305, 40.294207171511658 ], [ -3.750450070617356, 40.276197603053546 ] ] ] ] } },
{ "type": "Feature", "properties": { "CUDIS": "2806504", "NMUN": "Getafe", "NCA": "Comunidad de Madrid" }, "geometry": { "type": "MultiPolygon", "coordinates": [ [ [ [ -3.709428501491601, 40.323276666296415 ], [ -3.725106859729252, 40.308836590992414 ], [ -3.702821509218809, 40.267678020872339 ], [ -3.622909078530484, 40.266374768266829 ], [ -3.571506225889573, 40.287119428520946 ], [ -3.576131983577711, 40.314882260842573 ], [ -3.65862710362109, 40.328431326921518 ], [ -3.709428501491601, 40.323276666296415 ] ] ] ] } },
{ "type": "Feature", "properties": { "CUDIS": "2806601", "NMUN": "Griñón", "NCA": "Comunidad de Madrid" }, "geometry": { "type": "MultiPolygon", "coordinates": [ [ [ [ -3.869082472944434, 40.201076606560292 ], [ -3.821101322231923, 40.205161921828122 ], [ -3.803363329273961, 40.220000338398847 ], [ -3.80760683287833, 40.229417713785971 ], [ -3.85152606262733, 40.236843341463342 ], [ -3.884497675503221, 40.232106877196983 ], [ -3.869082472944434, 40.201076606560292 ] ] ] ] } },
{ "type": "Feature", "properties": { "CUDIS": "2806701", "NMUN": "Guadalix de la Sierra", "NCA": "Comunidad de Madrid" }, "geometry": { "type": "MultiPolygon", "coordinates": [ [ [ [ -3.610229551438549, 40.785891998481311 ], [ -3.650973301894123, 40.801084081000546 ], [ -3.659619615005632, 40.804865474583913 ], [ -3.701434850950196, 40.799808680966336 ], [ -3.722676591291786, 40.797377039580553 ], [ -3.710370250070346, 40.729306537677068 ], [ -3.675832778631346, 40.728382474106482 ], [ -3.608560887285108, 40.77966150389625 ], [ -3.610229551438549, 40.785891998481311 ] ] ] ] } },
{ "type": "Feature", "properties": { "CUDIS": "2806801", "NMUN": "Guadarrama", "NCA": "Comunidad de Madrid" }, "geometry": { "type": "MultiPolygon", "coordinates": [ [ [ [ -4.045055682665608, 40.662527975639669 ], [ -4.061397448550076, 40.70066552456445 ], [ -4.125733450519339, 40.724391284933617 ], [ -4.16027664522877, 40.689865123413135 ], [ -4.168063684551326, 40.64791250835588 ], [ -4.032998529873275, 40.630155649362109 ], [ -4.02966785415503, 40.629862944067291 ], [ -4.026040684385642, 40.632751345476429 ], [ -4.045055682665608, 40.662527975639669 ] ] ] ] } },
{ "type": "Feature", "properties": { "CUDIS": "2806901", "NMUN": "Hiruela, La", "NCA": "Comunidad de Madrid" }, "geometry": { "type": "MultiPolygon", "coordinates": [ [ [ [ -3.438935485778855, 41.042668967121315 ], [ -3.474499199899862, 41.095143268610904 ], [ -3.485184544939795, 41.063775013233865 ], [ -3.467178114453327, 41.048086680910643 ], [ -3.438935485778855, 41.042668967121315 ] ] ] ] } },
{ "type": "Feature", "properties": { "CUDIS": "2807001", "NMUN": "Horcajo de la Sierra-Aoslos", "NCA": "Comunidad de Madrid" }, "geometry": { "type": "MultiPolygon", "coordinates": [ [ [ [ -3.563194351258961, 41.059057586515671 ], [ -3.564387701158298, 41.114328398106991 ], [ -3.566007388459088, 41.113892618140547 ], [ -3.599775315942979, 41.096137381278851 ], [ -3.609067804205902, 41.076359944403947 ], [ -3.587411027383273, 41.04344649045666 ], [ -3.563194351258961, 41.059057586515671 ] ] ] ] } },
{ "type": "Feature", "properties": { "CUDIS": "2807101", "NMUN": "Horcajuelo de la Sierra", "NCA": "Comunidad de Madrid" }, "geometry": { "type": "MultiPolygon", "coordinates": [ [ [ [ -3.542177735908923, 41.050416620172783 ], [ -3.547336109729061, 41.13474256371493 ], [ -3.564387701158298, 41.114328398106991 ], [ -3.563194351258961, 41.059057586515671 ], [ -3.55903210600485, 41.048306755618064 ], [ -3.542177735908923, 41.050416620172783 ] ] ] ] } },
{ "type": "Feature", "properties": { "CUDIS": "2807201", "NMUN": "Hoyo de Manzanares", "NCA": "Comunidad de Madrid" }, "geometry": { "type": "MultiPolygon", "coordinates": [ [ [ [ -3.953064932010442, 40.597437884298373 ], [ -3.883720843553846, 40.585277627480757 ], [ -3.842454869480513, 40.592558612363305 ], [ -3.865679050508081, 40.645964170927947 ], [ -3.879673836463135, 40.651531697163129 ], [ -3.953064932010442, 40.597437884298373 ] ] ] ] } },
{ "type": "Feature", "properties": { "CUDIS": "2807301", "NMUN": "Humanes de Madrid", "NCA": "Comunidad de Madrid" }, "geometry": { "type": "MultiPolygon", "coordinates": [ [ [ [ -3.85152606262733, 40.236843341463342 ], [ -3.80760683287833, 40.229417713785971 ], [ -3.800967917426041, 40.250243117587651 ], [ -3.810352845146818, 40.274687542679274 ], [ -3.839465182657955, 40.276975749056078 ], [ -3.85152606262733, 40.236843341463342 ] ] ] ] } },
{ "type": "Feature", "properties": { "CUDIS": "2807401", "NMUN": "Leganés", "NCA": "Comunidad de Madrid" }, "geometry": { "type": "MultiPolygon", "coordinates": [ [ [ [ -3.769544322199552, 40.331039302802573 ], [ -3.800839053658033, 40.341309263684927 ], [ -3.81081953806541, 40.335775742732913 ], [ -3.818116312903458, 40.327778317811763 ], [ -3.792225326419435, 40.297245977416921 ], [ -3.789025355532944, 40.29635792741874 ], [ -3.780874253608716, 40.295507318610483 ], [ -3.761744430777305, 40.294207171511658 ], [ -3.744982200255629, 40.317101327363829 ], [ -3.757438657097533, 40.323587468091709 ], [ -3.769544322199552, 40.331039302802573 ] ], [ [ -3.776191508411577, 40.325328160135342 ], [ -3.786245437395516, 40.307534541888202 ], [ -3.802478987851591, 40.312975822545745 ], [ -3.776191508411577, 40.325328160135342 ] ] ] ] } },
{ "type": "Feature", "properties": { "CUDIS": "2807402", "NMUN": "Leganés", "NCA": "Comunidad de Madrid" }, "geometry": { "type": "MultiPolygon", "coordinates": [ [ [ [ -3.769544322199552, 40.331039302802573 ], [ -3.757438657097533, 40.323587468091709 ], [ -3.753056741801823, 40.328431455271087 ], [ -3.755795499997838, 40.340260669455859 ], [ -3.756072008096761, 40.340110190736354 ], [ -3.769544322199552, 40.331039302802573 ] ] ] ] } },
{ "type": "Feature", "properties": { "CUDIS": "2807403", "NMUN": "Leganés", "NCA": "Comunidad de Madrid" }, "geometry": { "type": "MultiPolygon", "coordinates": [ [ [ [ -3.800839053658033, 40.341309263684927 ], [ -3.769544322199552, 40.331039302802573 ], [ -3.756072008096761, 40.340110190736354 ], [ -3.755522452460474, 40.347086741114801 ], [ -3.794423191321884, 40.357236639976279 ], [ -3.80216577417461, 40.34174603700599 ], [ -3.800839053658033, 40.341309263684927 ] ] ] ] } },
{ "type": "Feature", "properties": { "CUDIS": "2807404", "NMUN": "Leganés", "NCA": "Comunidad de Madrid" }, "geometry": { "type": "MultiPolygon", "coordinates": [ [ [ [ -3.755795499997838, 40.340260669455859 ], [ -3.753056741801823, 40.328431455271087 ], [ -3.745367079479398, 40.32971095090943 ], [ -3.748229426073642, 40.340850361549833 ], [ -3.755795499997838, 40.340260669455859 ] ] ] ] } },
{ "type": "Feature", "properties": { "CUDIS": "2807405", "NMUN": "Leganés", "NCA": "Comunidad de Madrid" }, "geometry": { "type": "MultiPolygon", "coordinates": [ [ [ [ -3.757438657097533, 40.323587468091709 ], [ -3.744982200255629, 40.317101327363829 ], [ -3.724927382763441, 40.334984935741609 ], [ -3.720934974855703, 40.365195102465698 ], [ -3.754444077977706, 40.357981514768568 ], [ -3.755522452460474, 40.347086741114801 ], [ -3.756072008096761, 40.340110190736354 ], [ -3.755795499997838, 40.340260669455859 ], [ -3.748229426073642, 40.340850361549833 ], [ -3.745367079479398, 40.32971095090943 ], [ -3.753056741801823, 40.328431455271087 ], [ -3.757438657097533, 40.323587468091709 ] ] ] ] } },
{ "type": "Feature", "properties": { "CUDIS": "2807406", "NMUN": "Leganés", "NCA": "Comunidad de Madrid" }, "geometry": { "type": "MultiPolygon", "coordinates": [ [ [ [ -3.754444077977706, 40.357981514768568 ], [ -3.771224252849478, 40.359857478438919 ], [ -3.787765811474207, 40.358696541759947 ], [ -3.794423191321884, 40.357236639976279 ], [ -3.755522452460474, 40.347086741114801 ], [ -3.754444077977706, 40.357981514768568 ] ] ] ] } },
{ "type": "Feature", "properties": { "CUDIS": "2807407", "NMUN": "Leganés", "NCA": "Comunidad de Madrid" }, "geometry": { "type": "MultiPolygon", "coordinates": [ [ [ [ -3.776191508411577, 40.325328160135342 ], [ -3.802478987851591, 40.312975822545745 ], [ -3.786245437395516, 40.307534541888202 ], [ -3.776191508411577, 40.325328160135342 ] ] ] ] } },
{ "type": "Feature", "properties": { "CUDIS": "2807501", "NMUN": "Loeches", "NCA": "Comunidad de Madrid" }, "geometry": { "type": "MultiPolygon", "coordinates": [ [ [ [ -3.352598000694962, 40.36655021812318 ], [ -3.411870403564773, 40.42556234674764 ], [ -3.439930794346972, 40.412548940860511 ], [ -3.465822115622588, 40.38849153865916 ], [ -3.453474693986194, 40.343263811669154 ], [ -3.426225746540017, 40.349709601946863 ], [ -3.356079306303901, 40.36225020436877 ], [ -3.352598000694962, 40.36655021812318 ] ] ] ] } },
{ "type": "Feature", "properties": { "CUDIS": "2807601", "NMUN": "Lozoya", "NCA": "Comunidad de Madrid" }, "geometry": { "type": "MultiPolygon", "coordinates": [ [ [ [ -3.738585797409121, 40.974934038923287 ], [ -3.770637164721294, 41.013184357117545 ], [ -3.83019355311846, 40.986405554798829 ], [ -3.843951092771022, 40.982531592495206 ], [ -3.844512196381739, 40.982367645714511 ], [ -3.787059590801346, 40.913300344305718 ], [ -3.736893116857656, 40.941674015473858 ], [ -3.738585797409121, 40.974934038923287 ] ] ] ] } },
{ "type": "Feature", "properties": { "CUDIS": "2807801", "NMUN": "Madarcos", "NCA": "Comunidad de Madrid" }, "geometry": { "type": "MultiPolygon", "coordinates": [ [ [ [ -3.563194351258961, 41.059057586515671 ], [ -3.587411027383273, 41.04344649045666 ], [ -3.575218842748206, 41.024003361971467 ], [ -3.557561567619638, 41.029121920461932 ], [ -3.55903210600485, 41.048306755618064 ], [ -3.563194351258961, 41.059057586515671 ] ] ] ] } },
{ "type": "Feature", "properties": { "CUDIS": "2807901", "NMUN": "Madrid", "NCA": "Comunidad de Madrid" }, "geometry": { "type": "MultiPolygon", "coordinates": [ [ [ [ -3.722969211535657, 40.413980333346267 ], [ -3.692075250471822, 40.409448355075376 ], [ -3.692472848128533, 40.419473068224598 ], [ -3.690379470692608, 40.425246882626247 ], [ -3.716236250215928, 40.430607874207887 ], [ -3.722343751369159, 40.417114880884697 ], [ -3.722969211535657, 40.413980333346267 ] ] ] ] } },
{ "type": "Feature", "properties": { "CUDIS": "2807902", "NMUN": "Madrid", "NCA": "Comunidad de Madrid" }, "geometry": { "type": "MultiPolygon", "coordinates": [ [ [ [ -3.722567482673343, 40.403753031182077 ], [ -3.704634157534415, 40.395079624265762 ], [ -3.68976196676304, 40.382317656118104 ], [ -3.673508776704215, 40.394350388127499 ], [ -3.692075250471822, 40.409448355075376 ], [ -3.722969211535657, 40.413980333346267 ], [ -3.722567482673343, 40.403753031182077 ] ] ] ] } },
{ "type": "Feature", "properties": { "CUDIS": "2807903", "NMUN": "Madrid", "NCA": "Comunidad de Madrid" }, "geometry": { "type": "MultiPolygon", "coordinates": [ [ [ [ -3.692075250471822, 40.409448355075376 ], [ -3.673508776704215, 40.394350388127499 ], [ -3.665233465439213, 40.406344305842474 ], [ -3.658708372771514, 40.418620484971363 ], [ -3.692472848128533, 40.419473068224598 ], [ -3.692075250471822, 40.409448355075376 ] ] ] ] } },
{ "type": "Feature", "properties": { "CUDIS": "2807904", "NMUN": "Madrid", "NCA": "Comunidad de Madrid" }, "geometry": { "type": "MultiPolygon", "coordinates": [ [ [ [ -3.692472848128533, 40.419473068224598 ], [ -3.658708372771514, 40.418620484971363 ], [ -3.66055081070847, 40.444632713494862 ], [ -3.690674341557686, 40.437992979045426 ], [ -3.690379470692608, 40.425246882626247 ], [ -3.692472848128533, 40.419473068224598 ] ] ] ] } },
{ "type": "Feature", "properties": { "CUDIS": "2807905", "NMUN": "Madrid", "NCA": "Comunidad de Madrid" }, "geometry": { "type": "MultiPolygon", "coordinates": [ [ [ [ -3.690674341557686, 40.437992979045426 ], [ -3.66055081070847, 40.444632713494862 ], [ -3.673470215032601, 40.48405386653269 ], [ -3.687134263100781, 40.474180791284546 ], [ -3.69126886953123, 40.446223685186069 ], [ -3.690674341557686, 40.437992979045426 ] ] ] ] } },
{ "type": "Feature", "properties": { "CUDIS": "2807906", "NMUN": "Madrid", "NCA": "Comunidad de Madrid" }, "geometry": { "type": "MultiPolygon", "coordinates": [ [ [ [ -3.708350780399368, 40.44710243018865 ], [ -3.69126886953123, 40.446223685186069 ], [ -3.687134263100781, 40.474180791284546 ], [ -3.713277013218121, 40.468531685799483 ], [ -3.708350780399368, 40.44710243018865 ] ] ] ] } },
{ "type": "Feature", "properties": { "CUDIS": "2807907", "NMUN": "Madrid", "NCA": "Comunidad de Madrid" }, "geometry": { "type": "MultiPolygon", "coordinates": [ [ [ [ -3.716236250215928, 40.430607874207887 ], [ -3.690379470692608, 40.425246882626247 ], [ -3.690674341557686, 40.437992979045426 ], [ -3.69126886953123, 40.446223685186069 ], [ -3.708350780399368, 40.44710243018865 ], [ -3.716236250215928, 40.430607874207887 ] ] ] ] } },
{ "type": "Feature", "properties": { "CUDIS": "2807908", "NMUN": "Madrid", "NCA": "Comunidad de Madrid" }, "geometry": { "type": "MultiPolygon", "coordinates": [ [ [ [ -3.836686362815011, 40.479380850837252 ], [ -3.713277013218121, 40.468531685799483 ], [ -3.687134263100781, 40.474180791284546 ], [ -3.673470215032601, 40.48405386653269 ], [ -3.658110273621497, 40.511493436991273 ], [ -3.673086133378554, 40.58690515416032 ], [ -3.625831662329587, 40.61675186901509 ], [ -3.667975320686766, 40.629601503114699 ], [ -3.719436272285247, 40.582100466382407 ], [ -3.810510349754131, 40.609470249901889 ], [ -3.842454869480513, 40.592558612363305 ], [ -3.883720843553846, 40.585277627480757 ], [ -3.885499200434306, 40.57460150922801 ], [ -3.836686362815011, 40.479380850837252 ] ] ] ] } },
{ "type": "Feature", "properties": { "CUDIS": "2807909", "NMUN": "Madrid", "NCA": "Comunidad de Madrid" }, "geometry": { "type": "MultiPolygon", "coordinates": [ [ [ [ -3.774605366966372, 40.400312955858091 ], [ -3.722343751369159, 40.417114880884697 ], [ -3.716236250215928, 40.430607874207887 ], [ -3.708350780399368, 40.44710243018865 ], [ -3.713277013218121, 40.468531685799483 ], [ -3.836686362815011, 40.479380850837252 ], [ -3.836726122967366, 40.475123845689232 ], [ -3.83435395550514, 40.464416413522514 ], [ -3.812121483137828, 40.463800206102256 ], [ -3.77966680307645, 40.444178430654048 ], [ -3.774605366966372, 40.400312955858091 ] ] ] ] } },
{ "type": "Feature", "properties": { "CUDIS": "2807910", "NMUN": "Madrid", "NCA": "Comunidad de Madrid" }, "geometry": { "type": "MultiPolygon", "coordinates": [ [ [ [ -3.771224252849478, 40.359857478438919 ], [ -3.722567482673343, 40.403753031182077 ], [ -3.722969211535657, 40.413980333346267 ], [ -3.722343751369159, 40.417114880884697 ], [ -3.774605366966372, 40.400312955858091 ], [ -3.83523275481531, 40.396271404155527 ], [ -3.806941540445989, 40.366447515190416 ], [ -3.787765811474207, 40.358696541759947 ], [ -3.771224252849478, 40.359857478438919 ] ] ] ] } },
{ "type": "Feature", "properties": { "CUDIS": "2807911", "NMUN": "Madrid", "NCA": "Comunidad de Madrid" }, "geometry": { "type": "MultiPolygon", "coordinates": [ [ [ [ -3.771224252849478, 40.359857478438919 ], [ -3.754444077977706, 40.357981514768568 ], [ -3.720934974855703, 40.365195102465698 ], [ -3.720714588535318, 40.364890176946304 ], [ -3.704634157534415, 40.395079624265762 ], [ -3.722567482673343, 40.403753031182077 ], [ -3.771224252849478, 40.359857478438919 ] ] ] ] } },
{ "type": "Feature", "properties": { "CUDIS": "2807912", "NMUN": "Madrid", "NCA": "Comunidad de Madrid" }, "geometry": { "type": "MultiPolygon", "coordinates": [ [ [ [ -3.720714588535318, 40.364890176946304 ], [ -3.681932409739556, 40.361178981288006 ], [ -3.68976196676304, 40.382317656118104 ], [ -3.704634157534415, 40.395079624265762 ], [ -3.720714588535318, 40.364890176946304 ] ] ] ] } },
{ "type": "Feature", "properties": { "CUDIS": "2807913", "NMUN": "Madrid", "NCA": "Comunidad de Madrid" }, "geometry": { "type": "MultiPolygon", "coordinates": [ [ [ [ -3.681932409739556, 40.361178981288006 ], [ -3.621877258607576, 40.39077411982106 ], [ -3.629792099734822, 40.392515193699609 ], [ -3.665233465439213, 40.406344305842474 ], [ -3.673508776704215, 40.394350388127499 ], [ -3.68976196676304, 40.382317656118104 ], [ -3.681932409739556, 40.361178981288006 ] ] ] ] } },
{ "type": "Feature", "properties": { "CUDIS": "2807914", "NMUN": "Madrid", "NCA": "Comunidad de Madrid" }, "geometry": { "type": "MultiPolygon", "coordinates": [ [ [ [ -3.665233465439213, 40.406344305842474 ], [ -3.629792099734822, 40.392515193699609 ], [ -3.620728640657771, 40.412478768950884 ], [ -3.658708372771514, 40.418620484971363 ], [ -3.665233465439213, 40.406344305842474 ] ] ] ] } },
{ "type": "Feature", "properties": { "CUDIS": "2807915", "NMUN": "Madrid", "NCA": "Comunidad de Madrid" }, "geometry": { "type": "MultiPolygon", "coordinates": [ [ [ [ -3.66055081070847, 40.444632713494862 ], [ -3.658708372771514, 40.418620484971363 ], [ -3.620728640657771, 40.412478768950884 ], [ -3.619946669878164, 40.413681163024975 ], [ -3.648057344361003, 40.449460042159572 ], [ -3.673470215032601, 40.48405386653269 ], [ -3.66055081070847, 40.444632713494862 ] ] ] ] } },
{ "type": "Feature", "properties": { "CUDIS": "2807916", "NMUN": "Madrid", "NCA": "Comunidad de Madrid" }, "geometry": { "type": "MultiPolygon", "coordinates": [ [ [ [ -3.673470215032601, 40.48405386653269 ], [ -3.648057344361003, 40.449460042159572 ], [ -3.603378768386615, 40.449899562380836 ], [ -3.602292976414127, 40.501265726671576 ], [ -3.658110273621497, 40.511493436991273 ], [ -3.673470215032601, 40.48405386653269 ] ] ] ] } },
{ "type": "Feature", "properties": { "CUDIS": "2807917", "NMUN": "Madrid", "NCA": "Comunidad de Madrid" }, "geometry": { "type": "MultiPolygon", "coordinates": [ [ [ [ -3.709428501491601, 40.323276666296415 ], [ -3.65862710362109, 40.328431326921518 ], [ -3.681932409739556, 40.361178981288006 ], [ -3.720714588535318, 40.364890176946304 ], [ -3.720934974855703, 40.365195102465698 ], [ -3.724927382763441, 40.334984935741609 ], [ -3.722676149299489, 40.33277416755331 ], [ -3.709428501491601, 40.323276666296415 ] ] ] ] } },
{ "type": "Feature", "properties": { "CUDIS": "2807918", "NMUN": "Madrid", "NCA": "Comunidad de Madrid" }, "geometry": { "type": "MultiPolygon", "coordinates": [ [ [ [ -3.65862710362109, 40.328431326921518 ], [ -3.576131983577711, 40.314882260842573 ], [ -3.553422274601408, 40.355859225192994 ], [ -3.621877258607576, 40.39077411982106 ], [ -3.681932409739556, 40.361178981288006 ], [ -3.65862710362109, 40.328431326921518 ] ] ] ] } },
{ "type": "Feature", "properties": { "CUDIS": "2807919", "NMUN": "Madrid", "NCA": "Comunidad de Madrid" }, "geometry": { "type": "MultiPolygon", "coordinates": [ [ [ [ -3.621877258607576, 40.39077411982106 ], [ -3.553422274601408, 40.355859225192994 ], [ -3.519857397073519, 40.409812823139973 ], [ -3.531193573935404, 40.420085103276854 ], [ -3.576180288502546, 40.413082681346779 ], [ -3.577285204372199, 40.426541318755973 ], [ -3.576835574389533, 40.429800339415493 ], [ -3.619946669878164, 40.413681163024975 ], [ -3.620728640657771, 40.412478768950884 ], [ -3.629792099734822, 40.392515193699609 ], [ -3.621877258607576, 40.39077411982106 ] ] ] ] } },
{ "type": "Feature", "properties": { "CUDIS": "2807920", "NMUN": "Madrid", "NCA": "Comunidad de Madrid" }, "geometry": { "type": "MultiPolygon", "coordinates": [ [ [ [ -3.648057344361003, 40.449460042159572 ], [ -3.619946669878164, 40.413681163024975 ], [ -3.576835574389533, 40.429800339415493 ], [ -3.531148253998305, 40.446874688867226 ], [ -3.531511314945794, 40.44726497024665 ], [ -3.603378768386615, 40.449899562380836 ], [ -3.648057344361003, 40.449460042159572 ] ] ] ] } },
{ "type": "Feature", "properties": { "CUDIS": "2807921", "NMUN": "Madrid", "NCA": "Comunidad de Madrid" }, "geometry": { "type": "MultiPolygon", "coordinates": [ [ [ [ -3.603378768386615, 40.449899562380836 ], [ -3.531511314945794, 40.44726497024665 ], [ -3.530839926449998, 40.471280812971337 ], [ -3.554260152838256, 40.511334302228448 ], [ -3.602292976414127, 40.501265726671576 ], [ -3.603378768386615, 40.449899562380836 ] ] ] ] } },
{ "type": "Feature", "properties": { "CUDIS": "2808001", "NMUN": "Majadahonda", "NCA": "Comunidad de Madrid" }, "geometry": { "type": "MultiPolygon", "coordinates": [ [ [ [ -3.880696394459694, 40.445136936958306 ], [ -3.869075192809591, 40.482380784849568 ], [ -3.933433150597364, 40.49968084671 ], [ -3.936989077493367, 40.484485605028937 ], [ -3.944857687453762, 40.454856017866767 ], [ -3.880696394459694, 40.445136936958306 ] ] ] ] } },
{ "type": "Feature", "properties": { "CUDIS": "2808002", "NMUN": "Majadahonda", "NCA": "Comunidad de Madrid" }, "geometry": { "type": "MultiPolygon", "coordinates": [ [ [ [ -3.863129348983645, 40.444082188322938 ], [ -3.83435395550514, 40.464416413522514 ], [ -3.836726122967366, 40.475123845689232 ], [ -3.869075192809591, 40.482380784849568 ], [ -3.880696394459694, 40.445136936958306 ], [ -3.863129348983645, 40.444082188322938 ] ] ] ] } },
{ "type": "Feature", "properties": { "CUDIS": "2808201", "NMUN": "Manzanares el Real", "NCA": "Comunidad de Madrid" }, "geometry": { "type": "MultiPolygon", "coordinates": [ [ [ [ -3.940724661326602, 40.712553017451128 ], [ -3.951549197329413, 40.721680819277466 ], [ -3.949834788182737, 40.716960877541155 ], [ -3.940724661326602, 40.712553017451128 ] ] ], [ [ [ -3.82996479279604, 40.680682994835983 ], [ -3.800603641017097, 40.711089144114943 ], [ -3.838174230192139, 40.812306660595539 ], [ -3.978152200655064, 40.787329993843393 ], [ -3.979527010518429, 40.78449407986308 ], [ -3.96857656508454, 40.767128314590217 ], [ -3.906631452682551, 40.738666606303681 ], [ -3.925758384844277, 40.678947211508856 ], [ -3.905983578714354, 40.682213758044107 ], [ -3.903669229370443, 40.680591039318628 ], [ -3.873867386029379, 40.68106216905398 ], [ -3.82996479279604, 40.680682994835983 ] ] ] ] } },
{ "type": "Feature", "properties": { "CUDIS": "2808301", "NMUN": "Meco", "NCA": "Comunidad de Madrid" }, "geometry": { "type": "MultiPolygon", "coordinates": [ [ [ [ -3.289852754369454, 40.531747631326624 ], [ -3.286710415375201, 40.57256921854826 ], [ -3.330719412898377, 40.60092049596382 ], [ -3.338365569673292, 40.596825245960275 ], [ -3.349930348601346, 40.531620366420121 ], [ -3.302757333319074, 40.531615171897762 ], [ -3.289835501670358, 40.531716935150477 ], [ -3.289852754369454, 40.531747631326624 ] ] ] ] } },
{ "type": "Feature", "properties": { "CUDIS": "2808401", "NMUN": "Mejorada del Campo", "NCA": "Comunidad de Madrid" }, "geometry": { "type": "MultiPolygon", "coordinates": [ [ [ [ -3.465822115622588, 40.38849153865916 ], [ -3.439930794346972, 40.412548940860511 ], [ -3.503172017999977, 40.407260229447566 ], [ -3.500293228950805, 40.377965865391396 ], [ -3.465822115622588, 40.38849153865916 ] ] ] ] } },
{ "type": "Feature", "properties": { "CUDIS": "2808501", "NMUN": "Miraflores de la Sierra", "NCA": "Comunidad de Madrid" }, "geometry": { "type": "MultiPolygon", "coordinates": [ [ [ [ -3.710370250070346, 40.729306537677068 ], [ -3.722676591291786, 40.797377039580553 ], [ -3.789404216915193, 40.846532246786751 ], [ -3.798240129129848, 40.848999144814393 ], [ -3.829439972892669, 40.813782414716961 ], [ -3.733524205584262, 40.730893470758957 ], [ -3.710370250070346, 40.729306537677068 ] ] ] ] } },
{ "type": "Feature", "properties": { "CUDIS": "2808601", "NMUN": "Molar, El", "NCA": "Comunidad de Madrid" }, "geometry": { "type": "MultiPolygon", "coordinates": [ [ [ [ -3.525896997560627, 40.732533349472725 ], [ -3.543966613990322, 40.735035248995388 ], [ -3.593829797457567, 40.750556767591064 ], [ -3.607546489997959, 40.714369279119133 ], [ -3.593682570709733, 40.654803052413349 ], [ -3.559188453857936, 40.650540769161367 ], [ -3.556778966598259, 40.660932227229651 ], [ -3.525896997560627, 40.732533349472725 ] ] ] ] } },
{ "type": "Feature", "properties": { "CUDIS": "2808701", "NMUN": "Molinos, Los", "NCA": "Comunidad de Madrid" }, "geometry": { "type": "MultiPolygon", "coordinates": [ [ [ [ -4.051693796181609, 40.714318994474539 ], [ -4.096960637721179, 40.747657651335487 ], [ -4.125733450519339, 40.724391284933617 ], [ -4.061397448550076, 40.70066552456445 ], [ -4.051693796181609, 40.714318994474539 ] ] ] ] } },
{ "type": "Feature", "properties": { "CUDIS": "2808801", "NMUN": "Montejo de la Sierra", "NCA": "Comunidad de Madrid" }, "geometry": { "type": "MultiPolygon", "coordinates": [ [ [ [ -3.474499199899862, 41.095143268610904 ], [ -3.541099714241887, 41.149666731829292 ], [ -3.547336109729061, 41.13474256371493 ], [ -3.542177735908923, 41.050416620172783 ], [ -3.485184544939795, 41.063775013233865 ], [ -3.474499199899862, 41.095143268610904 ] ] ] ] } },
{ "type": "Feature", "properties": { "CUDIS": "2808901", "NMUN": "Moraleja de Enmedio", "NCA": "Comunidad de Madrid" }, "geometry": { "type": "MultiPolygon", "coordinates": [ [ [ [ -3.877005430702376, 40.288295996117668 ], [ -3.943386914244318, 40.261885239145741 ], [ -3.936934273082186, 40.249679680990283 ], [ -3.904107682375282, 40.234726736477683 ], [ -3.884497675503221, 40.232106877196983 ], [ -3.85152606262733, 40.236843341463342 ], [ -3.839465182657955, 40.276975749056078 ], [ -3.838690806471432, 40.278089483084507 ], [ -3.841115798408621, 40.285746892617972 ], [ -3.877005430702376, 40.288295996117668 ] ] ] ] } },
{ "type": "Feature", "properties": { "CUDIS": "2809001", "NMUN": "Moralzarzal", "NCA": "Comunidad de Madrid" }, "geometry": { "type": "MultiPolygon", "coordinates": [ [ [ [ -3.925758384844277, 40.678947211508856 ], [ -3.940724661326602, 40.712553017451128 ], [ -3.949834788182737, 40.716960877541155 ], [ -3.99749716743062, 40.69042721972059 ], [ -3.995264876883191, 40.681101962188784 ], [ -3.95808652012425, 40.632854473828154 ], [ -3.953064932010442, 40.597437884298373 ], [ -3.879673836463135, 40.651531697163129 ], [ -3.87336790855529, 40.657087188550683 ], [ -3.91821822796108, 40.649288900800954 ], [ -3.927849497353176, 40.657257002376213 ], [ -3.919235257237619, 40.672846333163214 ], [ -3.915943849607608, 40.675304545975948 ], [ -3.915117057498115, 40.675910468816525 ], [ -3.905983578714354, 40.682213758044107 ], [ -3.925758384844277, 40.678947211508856 ] ] ] ] } },
{ "type": "Feature", "properties": { "CUDIS": "2809101", "NMUN": "Morata de Tajuña", "NCA": "Comunidad de Madrid" }, "geometry": { "type": "MultiPolygon", "coordinates": [ [ [ [ -3.4212297096219, 40.200514417314594 ], [ -3.394509082000718, 40.219016463988233 ], [ -3.423257698878966, 40.254699653248259 ], [ -3.447029982737913, 40.257467525210785 ], [ -3.4212297096219, 40.200514417314594 ] ] ] ] } },
{ "type": "Feature", "properties": { "CUDIS": "2809102", "NMUN": "Morata de Tajuña", "NCA": "Comunidad de Madrid" }, "geometry": { "type": "MultiPolygon", "coordinates": [ [ [ [ -3.4212297096219, 40.200514417314594 ], [ -3.447029982737913, 40.257467525210785 ], [ -3.482663039896837, 40.256935389317121 ], [ -3.49824735284516, 40.216883007149477 ], [ -3.423072880711822, 40.196954118591336 ], [ -3.4212297096219, 40.200514417314594 ] ] ] ] } },
{ "type": "Feature", "properties": { "CUDIS": "2809201", "NMUN": "Móstoles", "NCA": "Comunidad de Madrid" }, "geometry": { "type": "MultiPolygon", "coordinates": [ [ [ [ -3.921541768733059, 40.302575632590163 ], [ -3.86421238537241, 40.322578428851529 ], [ -3.901972605118087, 40.347562620436349 ], [ -3.941509796918046, 40.300163437830172 ], [ -3.9417625577402, 40.29717933598608 ], [ -3.921541768733059, 40.302575632590163 ] ] ] ] } },
{ "type": "Feature", "properties": { "CUDIS": "2809202", "NMUN": "Móstoles", "NCA": "Comunidad de Madrid" }, "geometry": { "type": "MultiPolygon", "coordinates": [ [ [ [ -3.901972605118087, 40.347562620436349 ], [ -3.86421238537241, 40.322578428851529 ], [ -3.864108321001277, 40.322633233134965 ], [ -3.854251856931574, 40.332010001854421 ], [ -3.870925169696533, 40.353117807017583 ], [ -3.901972605118087, 40.347562620436349 ] ] ] ] } },
{ "type": "Feature", "properties": { "CUDIS": "2809203", "NMUN": "Móstoles", "NCA": "Comunidad de Madrid" }, "geometry": { "type": "MultiPolygon", "coordinates": [ [ [ [ -3.864108321001277, 40.322633233134965 ], [ -3.842991444108054, 40.314957525992405 ], [ -3.841769473636476, 40.314827615012206 ], [ -3.844037390148557, 40.324239266053262 ], [ -3.85346889134759, 40.332631274852453 ], [ -3.854251856931574, 40.332010001854421 ], [ -3.864108321001277, 40.322633233134965 ] ] ] ] } },
{ "type": "Feature", "properties": { "CUDIS": "2809204", "NMUN": "Móstoles", "NCA": "Comunidad de Madrid" }, "geometry": { "type": "MultiPolygon", "coordinates": [ [ [ [ -3.877005430702376, 40.288295996117668 ], [ -3.841115798408621, 40.285746892617972 ], [ -3.842991444108054, 40.314957525992405 ], [ -3.864108321001277, 40.322633233134965 ], [ -3.86421238537241, 40.322578428851529 ], [ -3.921541768733059, 40.302575632590163 ], [ -3.877005430702376, 40.288295996117668 ] ] ] ] } },
{ "type": "Feature", "properties": { "CUDIS": "2809301", "NMUN": "Navacerrada", "NCA": "Comunidad de Madrid" }, "geometry": { "type": "MultiPolygon", "coordinates": [ [ [ [ -3.979527010518429, 40.78449407986308 ], [ -4.002368670416218, 40.788434483294097 ], [ -4.040474392104112, 40.71868739432557 ], [ -4.004857126691906, 40.710527782645727 ], [ -3.96857656508454, 40.767128314590217 ], [ -3.979527010518429, 40.78449407986308 ] ] ] ] } },
{ "type": "Feature", "properties": { "CUDIS": "2809401", "NMUN": "Navalafuente", "NCA": "Comunidad de Madrid" }, "geometry": { "type": "MultiPolygon", "coordinates": [ [ [ [ -3.652957580461669, 40.833510403311308 ], [ -3.671131025130096, 40.833475636607744 ], [ -3.701434850950196, 40.799808680966336 ], [ -3.659619615005632, 40.804865474583913 ], [ -3.652957580461669, 40.833510403311308 ] ] ] ] } },
{ "type": "Feature", "properties": { "CUDIS": "2809501", "NMUN": "Navalagamella", "NCA": "Comunidad de Madrid" }, "geometry": { "type": "MultiPolygon", "coordinates": [ [ [ [ -4.07853933666865, 40.441175758409102 ], [ -4.128232742797685, 40.52204271475329 ], [ -4.132012153390436, 40.518945990802983 ], [ -4.141313159758296, 40.506260315264299 ], [ -4.16985286929495, 40.436869021567297 ], [ -4.146950792576958, 40.364697299603975 ], [ -4.136649939908589, 40.369871144455288 ], [ -4.113024450269809, 40.402483455813567 ], [ -4.07853933666865, 40.441175758409102 ] ] ] ] } },
{ "type": "Feature", "properties": { "CUDIS": "2809601", "NMUN": "Navalcarnero", "NCA": "Comunidad de Madrid" }, "geometry": { "type": "MultiPolygon", "coordinates": [ [ [ [ -4.023768190397261, 40.249019307007742 ], [ -3.946379637672809, 40.224597745925024 ], [ -3.936934273082186, 40.249679680990283 ], [ -3.943386914244318, 40.261885239145741 ], [ -3.942061700392523, 40.291682224985621 ], [ -3.941523142716927, 40.292722651786995 ], [ -3.9417625577402, 40.29717933598608 ], [ -3.941509796918046, 40.300163437830172 ], [ -4.006389498597681, 40.33938727451919 ], [ -4.07010513072173, 40.335066084002989 ], [ -4.080456468315949, 40.266939610280851 ], [ -4.023768190397261, 40.249019307007742 ] ] ] ] } },
{ "type": "Feature", "properties": { "CUDIS": "2809701", "NMUN": "Navarredonda y San Mamés", "NCA": "Comunidad de Madrid" }, "geometry": { "type": "MultiPolygon", "coordinates": [ [ [ [ -3.679356650085478, 40.992148710582661 ], [ -3.748406384348614, 41.036640034332194 ], [ -3.766956049954564, 41.019019148534063 ], [ -3.770637164721294, 41.013184357117545 ], [ -3.738585797409121, 40.974934038923287 ], [ -3.679356650085478, 40.992148710582661 ] ] ] ] } },
{ "type": "Feature", "properties": { "CUDIS": "2809901", "NMUN": "Navas del Rey", "NCA": "Comunidad de Madrid" }, "geometry": { "type": "MultiPolygon", "coordinates": [ [ [ [ -4.253152133237772, 40.405161254245549 ], [ -4.323974484782109, 40.418338666542766 ], [ -4.32120263554737, 40.410385144267146 ], [ -4.304656514499857, 40.36749192808233 ], [ -4.236429076708389, 40.326497810841893 ], [ -4.23158043573305, 40.334084104777723 ], [ -4.235658959882475, 40.39325767972425 ], [ -4.253152133237772, 40.405161254245549 ] ] ] ] } },
{ "type": "Feature", "properties": { "CUDIS": "2810001", "NMUN": "Nuevo Baztán", "NCA": "Comunidad de Madrid" }, "geometry": { "type": "MultiPolygon", "coordinates": [ [ [ [ -3.27850224041515, 40.346182693399811 ], [ -3.233942120754851, 40.358338667813797 ], [ -3.227335340750705, 40.385441792625471 ], [ -3.219319007690399, 40.403049158028132 ], [ -3.278569062911566, 40.394412479815117 ], [ -3.273743258397845, 40.380519058467037 ], [ -3.27850224041515, 40.346182693399811 ] ] ] ] } },
{ "type": "Feature", "properties": { "CUDIS": "2810101", "NMUN": "Olmeda de las Fuentes", "NCA": "Comunidad de Madrid" }, "geometry": { "type": "MultiPolygon", "coordinates": [ [ [ [ -3.176821245336767, 40.374166564859522 ], [ -3.227335340750705, 40.385441792625471 ], [ -3.233942120754851, 40.358338667813797 ], [ -3.204540423226897, 40.344022378225418 ], [ -3.176821245336767, 40.374166564859522 ] ] ] ] } },
{ "type": "Feature", "properties": { "CUDIS": "2810201", "NMUN": "Orusco de Tajuña", "NCA": "Comunidad de Madrid" }, "geometry": { "type": "MultiPolygon", "coordinates": [ [ [ [ -3.216266788704418, 40.312882407232664 ], [ -3.252134655230278, 40.303479494112423 ], [ -3.197305142101342, 40.257670485569683 ], [ -3.180340356216535, 40.301932971090132 ], [ -3.182068515201479, 40.304555770991783 ], [ -3.216266788704418, 40.312882407232664 ] ] ] ] } },
{ "type": "Feature", "properties": { "CUDIS": "2810401", "NMUN": "Paracuellos de Jarama", "NCA": "Comunidad de Madrid" }, "geometry": { "type": "MultiPolygon", "coordinates": [ [ [ [ -3.530839926449998, 40.471280812971337 ], [ -3.499500515740493, 40.471821379448251 ], [ -3.47815353699275, 40.486970595818143 ], [ -3.479609124176934, 40.494622936354965 ], [ -3.51221603216535, 40.538637063685343 ], [ -3.544055244446647, 40.569783141986534 ], [ -3.553089037905329, 40.532249726141004 ], [ -3.554260152838256, 40.511334302228448 ], [ -3.530839926449998, 40.471280812971337 ] ] ] ] } },
{ "type": "Feature", "properties": { "CUDIS": "2810601", "NMUN": "Parla", "NCA": "Comunidad de Madrid" }, "geometry": { "type": "MultiPolygon", "coordinates": [ [ [ [ -3.779938342155692, 40.209463965870512 ], [ -3.733457863440096, 40.211047828305865 ], [ -3.74117651192758, 40.254276408863014 ], [ -3.800967917426041, 40.250243117587651 ], [ -3.80760683287833, 40.229417713785971 ], [ -3.803363329273961, 40.220000338398847 ], [ -3.779938342155692, 40.209463965870512 ] ] ] ] } },
{ "type": "Feature", "properties": { "CUDIS": "2810701", "NMUN": "Patones", "NCA": "Comunidad de Madrid" }, "geometry": { "type": "MultiPolygon", "coordinates": [ [ [ [ -3.451287163985448, 40.91286476410837 ], [ -3.497066405072136, 40.909811473603483 ], [ -3.517818869286041, 40.90492885149731 ], [ -3.524742919982108, 40.87612490129677 ], [ -3.47023815855269, 40.8520628476195 ], [ -3.441470151975269, 40.881517479353555 ], [ -3.451287163985448, 40.91286476410837 ] ] ] ] } },
{ "type": "Feature", "properties": { "CUDIS": "2810801", "NMUN": "Pedrezuela", "NCA": "Comunidad de Madrid" }, "geometry": { "type": "MultiPolygon", "coordinates": [ [ [ [ -3.607546489997959, 40.714369279119133 ], [ -3.593829797457567, 40.750556767591064 ], [ -3.608560887285108, 40.77966150389625 ], [ -3.675832778631346, 40.728382474106482 ], [ -3.677055093228926, 40.723283738712908 ], [ -3.607546489997959, 40.714369279119133 ] ] ] ] } },
{ "type": "Feature", "properties": { "CUDIS": "2810901", "NMUN": "Pelayos de la Presa", "NCA": "Comunidad de Madrid" }, "geometry": { "type": "MultiPolygon", "coordinates": [ [ [ [ -4.304656514499857, 40.36749192808233 ], [ -4.331095908615288, 40.375435579663957 ], [ -4.345544382804065, 40.354626818404071 ], [ -4.323113700653543, 40.344214699738465 ], [ -4.304656514499857, 40.36749192808233 ] ] ] ] } },
{ "type": "Feature", "properties": { "CUDIS": "2811001", "NMUN": "Perales de Tajuña", "NCA": "Comunidad de Madrid" }, "geometry": { "type": "MultiPolygon", "coordinates": [ [ [ [ -3.33391263061275, 40.264221179207432 ], [ -3.348381052203494, 40.273795999988366 ], [ -3.369746104104939, 40.265333474648074 ], [ -3.423257698878966, 40.254699653248259 ], [ -3.394509082000718, 40.219016463988233 ], [ -3.32035661185014, 40.177984334232619 ], [ -3.297981143531392, 40.190528464397815 ], [ -3.33391263061275, 40.264221179207432 ] ] ] ] } },
{ "type": "Feature", "properties": { "CUDIS": "2811101", "NMUN": "Pezuela de las Torres", "NCA": "Comunidad de Madrid" }, "geometry": { "type": "MultiPolygon", "coordinates": [ [ [ [ -3.155577470499443, 40.439424525841474 ], [ -3.198597233272976, 40.442251507981005 ], [ -3.211157797247046, 40.434430586911375 ], [ -3.219319007690399, 40.403049158028132 ], [ -3.227335340750705, 40.385441792625471 ], [ -3.176821245336767, 40.374166564859522 ], [ -3.150126436478976, 40.373421910737726 ], [ -3.130596519337459, 40.405120465858026 ], [ -3.155577470499443, 40.439424525841474 ] ] ] ] } },
{ "type": "Feature", "properties": { "CUDIS": "2811201", "NMUN": "Pinilla del Valle", "NCA": "Comunidad de Madrid" }, "geometry": { "type": "MultiPolygon", "coordinates": [ [ [ [ -3.787059590801346, 40.913300344305718 ], [ -3.844512196381739, 40.982367645714511 ], [ -3.880244007030181, 40.974662424513021 ], [ -3.880806778930741, 40.972958563218313 ], [ -3.880779732153373, 40.972786236246606 ], [ -3.808661976568126, 40.888234797116311 ], [ -3.787059590801346, 40.913300344305718 ] ] ] ] } },
{ "type": "Feature", "properties": { "CUDIS": "2811301", "NMUN": "Pinto", "NCA": "Comunidad de Madrid" }, "geometry": { "type": "MultiPolygon", "coordinates": [ [ [ [ -3.687344168707939, 40.213597901467111 ], [ -3.704524424347523, 40.267836893480045 ], [ -3.739535561735426, 40.270935122584518 ], [ -3.740171591514568, 40.264476814830573 ], [ -3.74117651192758, 40.254276408863014 ], [ -3.733457863440096, 40.211047828305865 ], [ -3.700002790707, 40.198927266688258 ], [ -3.687344168707939, 40.213597901467111 ] ] ] ] } },
{ "type": "Feature", "properties": { "CUDIS": "2811302", "NMUN": "Pinto", "NCA": "Comunidad de Madrid" }, "geometry": { "type": "MultiPolygon", "coordinates": [ [ [ [ -3.704524424347523, 40.267836893480045 ], [ -3.687344168707939, 40.213597901467111 ], [ -3.683529996842317, 40.215246621678162 ], [ -3.643718252300298, 40.22969139783774 ], [ -3.622909078530484, 40.266374768266829 ], [ -3.702821509218809, 40.267678020872339 ], [ -3.704524424347523, 40.267836893480045 ] ] ] ] } },
{ "type": "Feature", "properties": { "CUDIS": "2811401", "NMUN": "Piñuécar-Gandullas", "NCA": "Comunidad de Madrid" }, "geometry": { "type": "MultiPolygon", "coordinates": [ [ [ [ -3.609067804205902, 41.076359944403947 ], [ -3.61607467533965, 41.06986570068625 ], [ -3.61803532584369, 41.012974889916144 ], [ -3.580426278368553, 40.991020714980138 ], [ -3.575218842748206, 41.024003361971467 ], [ -3.587411027383273, 41.04344649045666 ], [ -3.609067804205902, 41.076359944403947 ] ] ] ] } },
{ "type": "Feature", "properties": { "CUDIS": "2811501", "NMUN": "Pozuelo de Alarcón", "NCA": "Comunidad de Madrid" }, "geometry": { "type": "MultiPolygon", "coordinates": [ [ [ [ -3.83523275481531, 40.396271404155527 ], [ -3.774605366966372, 40.400312955858091 ], [ -3.77966680307645, 40.444178430654048 ], [ -3.797103265068502, 40.433879040917823 ], [ -3.812121483137828, 40.463800206102256 ], [ -3.83435395550514, 40.464416413522514 ], [ -3.863129348983645, 40.444082188322938 ], [ -3.837814938591371, 40.402972612554045 ], [ -3.83523275481531, 40.396271404155527 ] ] ] ] } },
{ "type": "Feature", "properties": { "CUDIS": "2811502", "NMUN": "Pozuelo de Alarcón", "NCA": "Comunidad de Madrid" }, "geometry": { "type": "MultiPolygon", "coordinates": [ [ [ [ -3.812121483137828, 40.463800206102256 ], [ -3.797103265068502, 40.433879040917823 ], [ -3.77966680307645, 40.444178430654048 ], [ -3.812121483137828, 40.463800206102256 ] ] ] ] } },
{ "type": "Feature", "properties": { "CUDIS": "2811601", "NMUN": "Pozuelo del Rey", "NCA": "Comunidad de Madrid" }, "geometry": { "type": "MultiPolygon", "coordinates": [ [ [ [ -3.273743258397845, 40.380519058467037 ], [ -3.312152955868285, 40.400614327719346 ], [ -3.352598000694962, 40.36655021812318 ], [ -3.356079306303901, 40.36225020436877 ], [ -3.312860536218225, 40.32861570454773 ], [ -3.288194546212168, 40.332712962325658 ], [ -3.27850224041515, 40.346182693399811 ], [ -3.273743258397845, 40.380519058467037 ] ] ] ] } },
{ "type": "Feature", "properties": { "CUDIS": "2811701", "NMUN": "Prádena del Rincón", "NCA": "Comunidad de Madrid" }, "geometry": { "type": "MultiPolygon", "coordinates": [ [ [ [ -3.467178114453327, 41.048086680910643 ], [ -3.485184544939795, 41.063775013233865 ], [ -3.542177735908923, 41.050416620172783 ], [ -3.55903210600485, 41.048306755618064 ], [ -3.557561567619638, 41.029121920461932 ], [ -3.491925804484818, 41.012553944089653 ], [ -3.467178114453327, 41.048086680910643 ] ] ] ] } },
{ "type": "Feature", "properties": { "CUDIS": "2811801", "NMUN": "Puebla de la Sierra", "NCA": "Comunidad de Madrid" }, "geometry": { "type": "MultiPolygon", "coordinates": [ [ [ [ -3.438935485778855, 41.042668967121315 ], [ -3.467178114453327, 41.048086680910643 ], [ -3.491925804484818, 41.012553944089653 ], [ -3.495802227545323, 40.994038980417685 ], [ -3.492976630825998, 40.978111896981275 ], [ -3.48415687061376, 40.962637829629728 ], [ -3.421586779888333, 40.967282690561376 ], [ -3.418350253357492, 40.973384338315128 ], [ -3.394500927282806, 41.000252536352157 ], [ -3.4079977594398, 41.016341368841573 ], [ -3.438935485778855, 41.042668967121315 ] ] ] ] } },
{ "type": "Feature", "properties": { "CUDIS": "2811901", "NMUN": "Quijorna", "NCA": "Comunidad de Madrid" }, "geometry": { "type": "MultiPolygon", "coordinates": [ [ [ [ -4.026023526692298, 40.428221484614319 ], [ -4.041733662580139, 40.448701393164775 ], [ -4.07853933666865, 40.441175758409102 ], [ -4.113024450269809, 40.402483455813567 ], [ -4.046490695182348, 40.388312613692065 ], [ -4.026023526692298, 40.428221484614319 ] ] ] ] } },
{ "type": "Feature", "properties": { "CUDIS": "2812001", "NMUN": "Rascafría", "NCA": "Comunidad de Madrid" }, "geometry": { "type": "MultiPolygon", "coordinates": [ [ [ [ -3.81944355014409, 40.860537646829506 ], [ -3.898698925526118, 40.958321830653837 ], [ -3.904208443196777, 40.956543823789929 ], [ -3.92008725212724, 40.93772667489759 ], [ -3.937652041480178, 40.926456151078639 ], [ -3.945615466393305, 40.903559462484274 ], [ -3.944841133828949, 40.877072749225 ], [ -3.978152200655064, 40.787329993843393 ], [ -3.838174230192139, 40.812306660595539 ], [ -3.829439972892669, 40.813782414716961 ], [ -3.798240129129848, 40.848999144814393 ], [ -3.81944355014409, 40.860537646829506 ] ] ] ] } },
{ "type": "Feature", "properties": { "CUDIS": "2812101", "NMUN": "Redueña", "NCA": "Comunidad de Madrid" }, "geometry": { "type": "MultiPolygon", "coordinates": [ [ [ [ -3.604707055093805, 40.842179675817455 ], [ -3.616631578405288, 40.841110400880225 ], [ -3.613312617161012, 40.809786835687753 ], [ -3.595865378070224, 40.790991875222502 ], [ -3.574006603502134, 40.790905136586545 ], [ -3.604707055093805, 40.842179675817455 ] ] ] ] } },
{ "type": "Feature", "properties": { "CUDIS": "2812201", "NMUN": "Ribatejada", "NCA": "Comunidad de Madrid" }, "geometry": { "type": "MultiPolygon", "coordinates": [ [ [ [ -3.382877523839806, 40.683217489827364 ], [ -3.400379262359441, 40.690662488147083 ], [ -3.468545104327105, 40.68993678777997 ], [ -3.482680411535337, 40.670406078937347 ], [ -3.420273934695025, 40.64584476309426 ], [ -3.382136530261922, 40.630470039625976 ], [ -3.380258099189774, 40.632853658396584 ], [ -3.365451952182525, 40.650735202831697 ], [ -3.382877523839806, 40.683217489827364 ] ] ] ] } },
{ "type": "Feature", "properties": { "CUDIS": "2812301", "NMUN": "Rivas-Vaciamadrid", "NCA": "Comunidad de Madrid" }, "geometry": { "type": "MultiPolygon", "coordinates": [ [ [ [ -3.519857397073519, 40.409812823139973 ], [ -3.553422274601408, 40.355859225192994 ], [ -3.576131983577711, 40.314882260842573 ], [ -3.571506225889573, 40.287119428520946 ], [ -3.519798485910616, 40.294280873259702 ], [ -3.471601987280237, 40.338111333826589 ], [ -3.500293228950805, 40.377965865391396 ], [ -3.503172017999977, 40.407260229447566 ], [ -3.519857397073519, 40.409812823139973 ] ] ] ] } },
{ "type": "Feature", "properties": { "CUDIS": "2812401", "NMUN": "Robledillo de la Jara", "NCA": "Comunidad de Madrid" }, "geometry": { "type": "MultiPolygon", "coordinates": [ [ [ [ -3.48415687061376, 40.962637829629728 ], [ -3.492976630825998, 40.978111896981275 ], [ -3.562446270753314, 40.956174800412107 ], [ -3.549732645605262, 40.921244161442928 ], [ -3.502590336092058, 40.924556562838191 ], [ -3.48415687061376, 40.962637829629728 ] ] ] ] } },
{ "type": "Feature", "properties": { "CUDIS": "2812501", "NMUN": "Robledo de Chavela", "NCA": "Comunidad de Madrid" }, "geometry": { "type": "MultiPolygon", "coordinates": [ [ [ [ -4.214877440637974, 40.447534761618336 ], [ -4.207772748870309, 40.498539764955233 ], [ -4.141313159758296, 40.506260315264299 ], [ -4.132012153390436, 40.518945990802983 ], [ -4.153898553474711, 40.531529160933147 ], [ -4.196805352789072, 40.559130241426779 ], [ -4.261778799299642, 40.531116285471633 ], [ -4.293610309908447, 40.445890599739585 ], [ -4.339002464953978, 40.431703642388527 ], [ -4.323974484782109, 40.418338666542766 ], [ -4.253152133237772, 40.405161254245549 ], [ -4.214877440637974, 40.447534761618336 ] ] ] ] } },
{ "type": "Feature", "properties": { "CUDIS": "2812601", "NMUN": "Robregordo", "NCA": "Comunidad de Madrid" }, "geometry": { "type": "MultiPolygon", "coordinates": [ [ [ [ -3.566007388459088, 41.113892618140547 ], [ -3.613702931960457, 41.149053375101445 ], [ -3.619840029237589, 41.143167915886927 ], [ -3.634211583938989, 41.125760724867824 ], [ -3.643159638071366, 41.120633639183161 ], [ -3.599775315942979, 41.096137381278851 ], [ -3.566007388459088, 41.113892618140547 ] ] ] ] } },
{ "type": "Feature", "properties": { "CUDIS": "2812701", "NMUN": "Rozas de Madrid, Las", "NCA": "Comunidad de Madrid" }, "geometry": { "type": "MultiPolygon", "coordinates": [ [ [ [ -3.933433150597364, 40.49968084671 ], [ -3.869075192809591, 40.482380784849568 ], [ -3.836726122967366, 40.475123845689232 ], [ -3.836686362815011, 40.479380850837252 ], [ -3.885499200434306, 40.57460150922801 ], [ -3.945368305603242, 40.551240656554803 ], [ -3.939759569593402, 40.508206065864442 ], [ -3.933433150597364, 40.49968084671 ] ] ] ] } },
{ "type": "Feature", "properties": { "CUDIS": "2812801", "NMUN": "Rozas de Puerto Real", "NCA": "Comunidad de Madrid" }, "geometry": { "type": "MultiPolygon", "coordinates": [ [ [ [ -4.472227993910919, 40.319531484832112 ], [ -4.52641339571929, 40.344908152377577 ], [ -4.54647124434982, 40.342110272186282 ], [ -4.544268502036667, 40.330185043335504 ], [ -4.555491604198842, 40.27704489812001 ], [ -4.556011561388821, 40.266200939982397 ], [ -4.49444311855141, 40.27851701448369 ], [ -4.472227993910919, 40.319531484832112 ] ] ] ] } },
{ "type": "Feature", "properties": { "CUDIS": "2812901", "NMUN": "San Agustín del Guadalix", "NCA": "Comunidad de Madrid" }, "geometry": { "type": "MultiPolygon", "coordinates": [ [ [ [ -3.677055093228926, 40.723283738712908 ], [ -3.639331636758643, 40.639195752652746 ], [ -3.591791063600095, 40.649165141828632 ], [ -3.593682570709733, 40.654803052413349 ], [ -3.607546489997959, 40.714369279119133 ], [ -3.677055093228926, 40.723283738712908 ] ] ] ] } },
{ "type": "Feature", "properties": { "CUDIS": "2813001", "NMUN": "San Fernando de Henares", "NCA": "Comunidad de Madrid" }, "geometry": { "type": "MultiPolygon", "coordinates": [ [ [ [ -3.531193573935404, 40.420085103276854 ], [ -3.519857397073519, 40.409812823139973 ], [ -3.503172017999977, 40.407260229447566 ], [ -3.439930794346972, 40.412548940860511 ], [ -3.411870403564773, 40.42556234674764 ], [ -3.42683898131239, 40.453182959348212 ], [ -3.447397202842285, 40.446327151230385 ], [ -3.459931756822539, 40.43863390191369 ], [ -3.489885124490696, 40.454745665438928 ], [ -3.499500515740493, 40.471821379448251 ], [ -3.530839926449998, 40.471280812971337 ], [ -3.531511314945794, 40.44726497024665 ], [ -3.531148253998305, 40.446874688867226 ], [ -3.52799673119344, 40.43550610904704 ], [ -3.537071534857126, 40.425243568520386 ], [ -3.531193573935404, 40.420085103276854 ] ] ] ] } },
{ "type": "Feature", "properties": { "CUDIS": "2813101", "NMUN": "San Lorenzo de El Escorial", "NCA": "Comunidad de Madrid" }, "geometry": { "type": "MultiPolygon", "coordinates": [ [ [ [ -4.15217164652208, 40.617841703124071 ], [ -4.127263057726276, 40.611674383647085 ], [ -4.152005524685258, 40.592394263446508 ], [ -4.169431130733499, 40.608810426234562 ], [ -4.167175295056099, 40.571287333248002 ], [ -4.160541585459157, 40.562547905050543 ], [ -4.09278204212085, 40.630682976871398 ], [ -4.032998529873275, 40.630155649362109 ], [ -4.168063684551326, 40.64791250835588 ], [ -4.16141760448058, 40.623491936562587 ], [ -4.15217164652208, 40.617841703124071 ] ] ] ] } },
{ "type": "Feature", "properties": { "CUDIS": "2813102", "NMUN": "San Lorenzo de El Escorial", "NCA": "Comunidad de Madrid" }, "geometry": { "type": "MultiPolygon", "coordinates": [ [ [ [ -4.169431130733499, 40.608810426234562 ], [ -4.152005524685258, 40.592394263446508 ], [ -4.127263057726276, 40.611674383647085 ], [ -4.15217164652208, 40.617841703124071 ], [ -4.169431130733499, 40.608810426234562 ] ] ] ] } },
{ "type": "Feature", "properties": { "CUDIS": "2813201", "NMUN": "San Martín de la Vega", "NCA": "Comunidad de Madrid" }, "geometry": { "type": "MultiPolygon", "coordinates": [ [ [ [ -3.56027931845063, 40.190064314658478 ], [ -3.49824735284516, 40.216883007149477 ], [ -3.482663039896837, 40.256935389317121 ], [ -3.519798485910616, 40.294280873259702 ], [ -3.571506225889573, 40.287119428520946 ], [ -3.622909078530484, 40.266374768266829 ], [ -3.643718252300298, 40.22969139783774 ], [ -3.591477517488234, 40.196340621822749 ], [ -3.56027931845063, 40.190064314658478 ] ] ] ] } },
{ "type": "Feature", "properties": { "CUDIS": "2813301", "NMUN": "San Martín de Valdeiglesias", "NCA": "Comunidad de Madrid" }, "geometry": { "type": "MultiPolygon", "coordinates": [ [ [ [ -4.236429076708389, 40.326497810841893 ], [ -4.304656514499857, 40.36749192808233 ], [ -4.32120263554737, 40.410385144267146 ], [ -4.42188011726098, 40.406401145666344 ], [ -4.460950511958836, 40.340493125395135 ], [ -4.45381440248177, 40.333093096689979 ], [ -4.379663102834595, 40.318010898147087 ], [ -4.356386757739592, 40.308620777618785 ], [ -4.295028387791568, 40.322623871817548 ], [ -4.236429076708389, 40.326497810841893 ] ], [ [ -4.304656514499857, 40.36749192808233 ], [ -4.323113700653543, 40.344214699738465 ], [ -4.345544382804065, 40.354626818404071 ], [ -4.331095908615288, 40.375435579663957 ], [ -4.304656514499857, 40.36749192808233 ] ] ] ] } },
{ "type": "Feature", "properties": { "CUDIS": "2813401", "NMUN": "San Sebastián de los Reyes", "NCA": "Comunidad de Madrid" }, "geometry": { "type": "MultiPolygon", "coordinates": [ [ [ [ -3.673086133378554, 40.58690515416032 ], [ -3.626195197286034, 40.540282845535906 ], [ -3.553089037905329, 40.532249726141004 ], [ -3.544055244446647, 40.569783141986534 ], [ -3.539625459815424, 40.582300206554578 ], [ -3.584562075106348, 40.627364902938481 ], [ -3.625831662329587, 40.61675186901509 ], [ -3.673086133378554, 40.58690515416032 ] ] ] ] } },
{ "type": "Feature", "properties": { "CUDIS": "2813501", "NMUN": "Santa María de la Alameda", "NCA": "Comunidad de Madrid" }, "geometry": { "type": "MultiPolygon", "coordinates": [ [ [ [ -4.16141760448058, 40.623491936562587 ], [ -4.289969656027043, 40.627995230043801 ], [ -4.285818175581438, 40.578922421793507 ], [ -4.289245730727672, 40.564146401751742 ], [ -4.261778799299642, 40.531116285471633 ], [ -4.196805352789072, 40.559130241426779 ], [ -4.167175295056099, 40.571287333248002 ], [ -4.169431130733499, 40.608810426234562 ], [ -4.15217164652208, 40.617841703124071 ], [ -4.16141760448058, 40.623491936562587 ] ] ] ] } },
{ "type": "Feature", "properties": { "CUDIS": "2813601", "NMUN": "Santorcaz", "NCA": "Comunidad de Madrid" }, "geometry": { "type": "MultiPolygon", "coordinates": [ [ [ [ -3.201229013311286, 40.498751810645921 ], [ -3.258189344607746, 40.484171160369755 ], [ -3.235204541792919, 40.444357642751612 ], [ -3.211157797247046, 40.434430586911375 ], [ -3.198597233272976, 40.442251507981005 ], [ -3.195394632660293, 40.478407645790874 ], [ -3.201229013311286, 40.498751810645921 ] ] ] ] } },
{ "type": "Feature", "properties": { "CUDIS": "2813701", "NMUN": "Santos de la Humosa, Los", "NCA": "Comunidad de Madrid" }, "geometry": { "type": "MultiPolygon", "coordinates": [ [ [ [ -3.231781912684824, 40.53939064570838 ], [ -3.289852754369454, 40.531747631326624 ], [ -3.289835501670358, 40.531716935150477 ], [ -3.298707824723205, 40.49437596995665 ], [ -3.258189344607746, 40.484171160369755 ], [ -3.201229013311286, 40.498751810645921 ], [ -3.200110118380282, 40.514635004000588 ], [ -3.231781912684824, 40.53939064570838 ] ] ] ] } },
{ "type": "Feature", "properties": { "CUDIS": "2813801", "NMUN": "Serna del Monte, La", "NCA": "Comunidad de Madrid" }, "geometry": { "type": "MultiPolygon", "coordinates": [ [ [ [ -3.61607467533965, 41.06986570068625 ], [ -3.628132286609069, 41.068857562069255 ], [ -3.637233831908969, 41.029059093491547 ], [ -3.634538576442978, 41.020894541900113 ], [ -3.61803532584369, 41.012974889916144 ], [ -3.61607467533965, 41.06986570068625 ] ] ] ] } },
{ "type": "Feature", "properties": { "CUDIS": "2814001", "NMUN": "Serranillos del Valle", "NCA": "Comunidad de Madrid" }, "geometry": { "type": "MultiPolygon", "coordinates": [ [ [ [ -3.883281069125198, 40.189014405189134 ], [ -3.876245878396295, 40.191106113318014 ], [ -3.869082472944434, 40.201076606560292 ], [ -3.884497675503221, 40.232106877196983 ], [ -3.904107682375282, 40.234726736477683 ], [ -3.925087685364069, 40.200068274975912 ], [ -3.883281069125198, 40.189014405189134 ] ] ] ] } },
{ "type": "Feature", "properties": { "CUDIS": "2814101", "NMUN": "Sevilla la Nueva", "NCA": "Comunidad de Madrid" }, "geometry": { "type": "MultiPolygon", "coordinates": [ [ [ [ -4.006389498597681, 40.33938727451919 ], [ -4.005283507685914, 40.359292494139488 ], [ -4.035160848960608, 40.378373207954901 ], [ -4.074125912508445, 40.342972982724966 ], [ -4.07010513072173, 40.335066084002989 ], [ -4.006389498597681, 40.33938727451919 ] ] ] ] } },
{ "type": "Feature", "properties": { "CUDIS": "2814301", "NMUN": "Somosierra", "NCA": "Comunidad de Madrid" }, "geometry": { "type": "MultiPolygon", "coordinates": [ [ [ [ -3.539703834367881, 41.165010969515606 ], [ -3.613702931960457, 41.149053375101445 ], [ -3.566007388459088, 41.113892618140547 ], [ -3.564387701158298, 41.114328398106991 ], [ -3.547336109729061, 41.13474256371493 ], [ -3.541099714241887, 41.149666731829292 ], [ -3.539703834367881, 41.165010969515606 ] ] ] ] } },
{ "type": "Feature", "properties": { "CUDIS": "2814401", "NMUN": "Soto del Real", "NCA": "Comunidad de Madrid" }, "geometry": { "type": "MultiPolygon", "coordinates": [ [ [ [ -3.733524205584262, 40.730893470758957 ], [ -3.829439972892669, 40.813782414716961 ], [ -3.838174230192139, 40.812306660595539 ], [ -3.800603641017097, 40.711089144114943 ], [ -3.733524205584262, 40.730893470758957 ] ] ] ] } },
{ "type": "Feature", "properties": { "CUDIS": "2814501", "NMUN": "Talamanca de Jarama", "NCA": "Comunidad de Madrid" }, "geometry": { "type": "MultiPolygon", "coordinates": [ [ [ [ -3.448874348557226, 40.733099765324319 ], [ -3.451284289014529, 40.738250271933936 ], [ -3.498281032619579, 40.7888810974435 ], [ -3.50450688145136, 40.789174983657951 ], [ -3.511572898699631, 40.788495688542142 ], [ -3.543966613990322, 40.735035248995388 ], [ -3.525896997560627, 40.732533349472725 ], [ -3.468545104327105, 40.68993678777997 ], [ -3.438610455905278, 40.734979434636273 ], [ -3.448874348557226, 40.733099765324319 ] ] ] ] } },
{ "type": "Feature", "properties": { "CUDIS": "2814601", "NMUN": "Tielmes", "NCA": "Comunidad de Madrid" }, "geometry": { "type": "MultiPolygon", "coordinates": [ [ [ [ -3.285142199287558, 40.261971799590988 ], [ -3.33391263061275, 40.264221179207432 ], [ -3.297981143531392, 40.190528464397815 ], [ -3.270434353296065, 40.214778839633347 ], [ -3.285142199287558, 40.261971799590988 ] ] ] ] } },
{ "type": "Feature", "properties": { "CUDIS": "2814701", "NMUN": "Titulcia", "NCA": "Comunidad de Madrid" }, "geometry": { "type": "MultiPolygon", "coordinates": [ [ [ [ -3.557585970405038, 40.125238746917454 ], [ -3.561956747367128, 40.171128059079962 ], [ -3.58374178536877, 40.12851386739122 ], [ -3.557585970405038, 40.125238746917454 ] ] ] ] } },
{ "type": "Feature", "properties": { "CUDIS": "2814801", "NMUN": "Torrejón de Ardoz", "NCA": "Comunidad de Madrid" }, "geometry": { "type": "MultiPolygon", "coordinates": [ [ [ [ -3.47815353699275, 40.486970595818143 ], [ -3.475257560496269, 40.456847092909719 ], [ -3.43218599406353, 40.467979692495355 ], [ -3.429437291465776, 40.468877284530372 ], [ -3.429076747454598, 40.510887941319474 ], [ -3.435099485029664, 40.50888681346445 ], [ -3.479609124176934, 40.494622936354965 ], [ -3.47815353699275, 40.486970595818143 ] ] ] ] } },
{ "type": "Feature", "properties": { "CUDIS": "2814802", "NMUN": "Torrejón de Ardoz", "NCA": "Comunidad de Madrid" }, "geometry": { "type": "MultiPolygon", "coordinates": [ [ [ [ -3.475385589058449, 40.456810550117659 ], [ -3.459931756822539, 40.43863390191369 ], [ -3.447397202842285, 40.446327151230385 ], [ -3.43218599406353, 40.467979692495355 ], [ -3.475257560496269, 40.456847092909719 ], [ -3.475385589058449, 40.456810550117659 ] ] ] ] } },
{ "type": "Feature", "properties": { "CUDIS": "2814803", "NMUN": "Torrejón de Ardoz", "NCA": "Comunidad de Madrid" }, "geometry": { "type": "MultiPolygon", "coordinates": [ [ [ [ -3.459931756822539, 40.43863390191369 ], [ -3.475385589058449, 40.456810550117659 ], [ -3.489885124490696, 40.454745665438928 ], [ -3.459931756822539, 40.43863390191369 ] ] ] ] } },
{ "type": "Feature", "properties": { "CUDIS": "2814804", "NMUN": "Torrejón de Ardoz", "NCA": "Comunidad de Madrid" }, "geometry": { "type": "MultiPolygon", "coordinates": [ [ [ [ -3.489885124490696, 40.454745665438928 ], [ -3.475385589058449, 40.456810550117659 ], [ -3.475257560496269, 40.456847092909719 ], [ -3.47815353699275, 40.486970595818143 ], [ -3.499500515740493, 40.471821379448251 ], [ -3.489885124490696, 40.454745665438928 ] ] ] ] } },
{ "type": "Feature", "properties": { "CUDIS": "2814901", "NMUN": "Torrejón de la Calzada", "NCA": "Comunidad de Madrid" }, "geometry": { "type": "MultiPolygon", "coordinates": [ [ [ [ -3.800054025617252, 40.175651864463077 ], [ -3.779938342155692, 40.209463965870512 ], [ -3.803363329273961, 40.220000338398847 ], [ -3.821101322231923, 40.205161921828122 ], [ -3.806799780647606, 40.177301787661136 ], [ -3.800054025617252, 40.175651864463077 ] ] ] ] } },
{ "type": "Feature", "properties": { "CUDIS": "2815001", "NMUN": "Torrejón de Velasco", "NCA": "Comunidad de Madrid" }, "geometry": { "type": "MultiPolygon", "coordinates": [ [ [ [ -3.717948971825979, 40.146401961976579 ], [ -3.702522633900153, 40.192927782195497 ], [ -3.700002790707, 40.198927266688258 ], [ -3.733457863440096, 40.211047828305865 ], [ -3.779938342155692, 40.209463965870512 ], [ -3.800054025617252, 40.175651864463077 ], [ -3.771871280046176, 40.139575971282483 ], [ -3.742136626530233, 40.134175376206528 ], [ -3.717948971825979, 40.146401961976579 ] ] ] ] } },
{ "type": "Feature", "properties": { "CUDIS": "2815101", "NMUN": "Torrelaguna", "NCA": "Comunidad de Madrid" }, "geometry": { "type": "MultiPolygon", "coordinates": [ [ [ [ -3.536535220959985, 40.86244825599212 ], [ -3.544865541675061, 40.857530430628707 ], [ -3.512481718644147, 40.83844103437805 ], [ -3.536535220959985, 40.86244825599212 ] ] ] ] } },
{ "type": "Feature", "properties": { "CUDIS": "2815102", "NMUN": "Torrelaguna", "NCA": "Comunidad de Madrid" }, "geometry": { "type": "MultiPolygon", "coordinates": [ [ [ [ -3.50450688145136, 40.789174983657951 ], [ -3.502204604792892, 40.797634416648172 ], [ -3.512481718644147, 40.83844103437805 ], [ -3.544865541675061, 40.857530430628707 ], [ -3.571011278902503, 40.85099193480918 ], [ -3.604707055093805, 40.842179675817455 ], [ -3.574006603502134, 40.790905136586545 ], [ -3.511572898699631, 40.788495688542142 ], [ -3.50450688145136, 40.789174983657951 ] ] ] ] } },
{ "type": "Feature", "properties": { "CUDIS": "2815201", "NMUN": "Torrelodones", "NCA": "Comunidad de Madrid" }, "geometry": { "type": "MultiPolygon", "coordinates": [ [ [ [ -3.945368305603242, 40.551240656554803 ], [ -3.885499200434306, 40.57460150922801 ], [ -3.883720843553846, 40.585277627480757 ], [ -3.953064932010442, 40.597437884298373 ], [ -3.945368305603242, 40.551240656554803 ] ] ] ] } },
{ "type": "Feature", "properties": { "CUDIS": "2815301", "NMUN": "Torremocha de Jarama", "NCA": "Comunidad de Madrid" }, "geometry": { "type": "MultiPolygon", "coordinates": [ [ [ [ -3.47023815855269, 40.8520628476195 ], [ -3.524742919982108, 40.87612490129677 ], [ -3.536535220959985, 40.86244825599212 ], [ -3.512481718644147, 40.83844103437805 ], [ -3.502204604792892, 40.797634416648172 ], [ -3.47023815855269, 40.8520628476195 ] ] ] ] } },
{ "type": "Feature", "properties": { "CUDIS": "2815401", "NMUN": "Torres de la Alameda", "NCA": "Comunidad de Madrid" }, "geometry": { "type": "MultiPolygon", "coordinates": [ [ [ [ -3.352598000694962, 40.36655021812318 ], [ -3.312152955868285, 40.400614327719346 ], [ -3.331395527263628, 40.423704490715103 ], [ -3.408734180081965, 40.453457572625048 ], [ -3.42683898131239, 40.453182959348212 ], [ -3.411870403564773, 40.42556234674764 ], [ -3.352598000694962, 40.36655021812318 ] ] ] ] } },
{ "type": "Feature", "properties": { "CUDIS": "2815501", "NMUN": "Valdaracete", "NCA": "Comunidad de Madrid" }, "geometry": { "type": "MultiPolygon", "coordinates": [ [ [ [ -3.173398259157242, 40.234169155905505 ], [ -3.195381256113309, 40.247620018882074 ], [ -3.270434353296065, 40.214778839633347 ], [ -3.197705481540494, 40.156140961312069 ], [ -3.149765974642834, 40.161525866254166 ], [ -3.150905191298644, 40.222837955041285 ], [ -3.173398259157242, 40.234169155905505 ] ] ] ] } },
{ "type": "Feature", "properties": { "CUDIS": "2815601", "NMUN": "Valdeavero", "NCA": "Comunidad de Madrid" }, "geometry": { "type": "MultiPolygon", "coordinates": [ [ [ [ -3.321642156481567, 40.612163516285356 ], [ -3.316780612235261, 40.652708681893031 ], [ -3.365451952182525, 40.650735202831697 ], [ -3.380258099189774, 40.632853658396584 ], [ -3.371730800062341, 40.625767950438437 ], [ -3.382186843966182, 40.608165827248357 ], [ -3.338365569673292, 40.596825245960275 ], [ -3.330719412898377, 40.60092049596382 ], [ -3.321642156481567, 40.612163516285356 ] ] ] ] } },
{ "type": "Feature", "properties": { "CUDIS": "2815701", "NMUN": "Valdelaguna", "NCA": "Comunidad de Madrid" }, "geometry": { "type": "MultiPolygon", "coordinates": [ [ [ [ -3.32035661185014, 40.177984334232619 ], [ -3.394509082000718, 40.219016463988233 ], [ -3.4212297096219, 40.200514417314594 ], [ -3.423072880711822, 40.196954118591336 ], [ -3.385023650687908, 40.135338170635748 ], [ -3.377701885049714, 40.133646679964237 ], [ -3.32035661185014, 40.177984334232619 ] ] ] ] } },
{ "type": "Feature", "properties": { "CUDIS": "2815801", "NMUN": "Valdemanco", "NCA": "Comunidad de Madrid" }, "geometry": { "type": "MultiPolygon", "coordinates": [ [ [ [ -3.65042380979745, 40.879747527684458 ], [ -3.675331005151437, 40.892196406838799 ], [ -3.693988192678962, 40.880447959732855 ], [ -3.671131025130096, 40.833475636607744 ], [ -3.652957580461669, 40.833510403311308 ], [ -3.642808359358622, 40.851810245830855 ], [ -3.65042380979745, 40.879747527684458 ] ] ] ] } },
{ "type": "Feature", "properties": { "CUDIS": "2815901", "NMUN": "Valdemaqueda", "NCA": "Comunidad de Madrid" }, "geometry": { "type": "MultiPolygon", "coordinates": [ [ [ [ -4.261778799299642, 40.531116285471633 ], [ -4.289245730727672, 40.564146401751742 ], [ -4.324098937729159, 40.547671640011586 ], [ -4.322032729081791, 40.517176401424003 ], [ -4.325440985263091, 40.459776427468483 ], [ -4.339002464953978, 40.431703642388527 ], [ -4.293610309908447, 40.445890599739585 ], [ -4.261778799299642, 40.531116285471633 ] ] ] ] } },
{ "type": "Feature", "properties": { "CUDIS": "2816001", "NMUN": "Valdemorillo", "NCA": "Comunidad de Madrid" }, "geometry": { "type": "MultiPolygon", "coordinates": [ [ [ [ -4.041733662580139, 40.448701393164775 ], [ -3.993279476810037, 40.472650068363258 ], [ -4.001147974309407, 40.485633743617726 ], [ -4.047285637598959, 40.570700220848295 ], [ -4.128232742797685, 40.52204271475329 ], [ -4.07853933666865, 40.441175758409102 ], [ -4.041733662580139, 40.448701393164775 ] ] ] ] } },
{ "type": "Feature", "properties": { "CUDIS": "2816101", "NMUN": "Valdemoro", "NCA": "Comunidad de Madrid" }, "geometry": { "type": "MultiPolygon", "coordinates": [ [ [ [ -3.667185253933934, 40.143360193114113 ], [ -3.637882771526017, 40.165032066226182 ], [ -3.613054466272047, 40.164638548379699 ], [ -3.607435625178487, 40.159969273651292 ], [ -3.591477517488234, 40.196340621822749 ], [ -3.643718252300298, 40.22969139783774 ], [ -3.683529996842317, 40.215246621678162 ], [ -3.702522633900153, 40.192927782195497 ], [ -3.717948971825979, 40.146401961976579 ], [ -3.712709015014304, 40.141818304511631 ], [ -3.667185253933934, 40.143360193114113 ] ] ] ] } },
{ "type": "Feature", "properties": { "CUDIS": "2816102", "NMUN": "Valdemoro", "NCA": "Comunidad de Madrid" }, "geometry": { "type": "MultiPolygon", "coordinates": [ [ [ [ -3.702522633900153, 40.192927782195497 ], [ -3.683529996842317, 40.215246621678162 ], [ -3.687344168707939, 40.213597901467111 ], [ -3.700002790707, 40.198927266688258 ], [ -3.702522633900153, 40.192927782195497 ] ] ] ] } },
{ "type": "Feature", "properties": { "CUDIS": "2816201", "NMUN": "Valdeolmos-Alalpardo", "NCA": "Comunidad de Madrid" }, "geometry": { "type": "MultiPolygon", "coordinates": [ [ [ [ -3.490661479855934, 40.62506032117934 ], [ -3.453901926106255, 40.607270076130021 ], [ -3.442130002403962, 40.617531610127571 ], [ -3.420273934695025, 40.64584476309426 ], [ -3.482680411535337, 40.670406078937347 ], [ -3.48279313391713, 40.667953460612949 ], [ -3.490661479855934, 40.62506032117934 ] ] ] ] } },
{ "type": "Feature", "properties": { "CUDIS": "2816301", "NMUN": "Valdepiélagos", "NCA": "Comunidad de Madrid" }, "geometry": { "type": "MultiPolygon", "coordinates": [ [ [ [ -3.446860810857496, 40.763751377523938 ], [ -3.498281032619579, 40.7888810974435 ], [ -3.451284289014529, 40.738250271933936 ], [ -3.446860810857496, 40.763751377523938 ] ] ] ] } },
{ "type": "Feature", "properties": { "CUDIS": "2816401", "NMUN": "Valdetorres de Jarama", "NCA": "Comunidad de Madrid" }, "geometry": { "type": "MultiPolygon", "coordinates": [ [ [ [ -3.482680411535337, 40.670406078937347 ], [ -3.468545104327105, 40.68993678777997 ], [ -3.525896997560627, 40.732533349472725 ], [ -3.556778966598259, 40.660932227229651 ], [ -3.48279313391713, 40.667953460612949 ], [ -3.482680411535337, 40.670406078937347 ] ] ] ] } },
{ "type": "Feature", "properties": { "CUDIS": "2816501", "NMUN": "Valdilecha", "NCA": "Comunidad de Madrid" }, "geometry": { "type": "MultiPolygon", "coordinates": [ [ [ [ -3.252134655230278, 40.303479494112423 ], [ -3.288194546212168, 40.332712962325658 ], [ -3.312860536218225, 40.32861570454773 ], [ -3.348381052203494, 40.273795999988366 ], [ -3.33391263061275, 40.264221179207432 ], [ -3.285142199287558, 40.261971799590988 ], [ -3.252134655230278, 40.303479494112423 ] ] ] ] } },
{ "type": "Feature", "properties": { "CUDIS": "2816601", "NMUN": "Valverde de Alcalá", "NCA": "Comunidad de Madrid" }, "geometry": { "type": "MultiPolygon", "coordinates": [ [ [ [ -3.287890087745275, 40.418144303046148 ], [ -3.331395527263628, 40.423704490715103 ], [ -3.312152955868285, 40.400614327719346 ], [ -3.273743258397845, 40.380519058467037 ], [ -3.278569062911566, 40.394412479815117 ], [ -3.287890087745275, 40.418144303046148 ] ] ] ] } },
{ "type": "Feature", "properties": { "CUDIS": "2816701", "NMUN": "Velilla de San Antonio", "NCA": "Comunidad de Madrid" }, "geometry": { "type": "MultiPolygon", "coordinates": [ [ [ [ -3.453474693986194, 40.343263811669154 ], [ -3.465822115622588, 40.38849153865916 ], [ -3.500293228950805, 40.377965865391396 ], [ -3.471601987280237, 40.338111333826589 ], [ -3.453474693986194, 40.343263811669154 ] ] ] ] } },
{ "type": "Feature", "properties": { "CUDIS": "2816801", "NMUN": "Vellón, El", "NCA": "Comunidad de Madrid" }, "geometry": { "type": "MultiPolygon", "coordinates": [ [ [ [ -3.511572898699631, 40.788495688542142 ], [ -3.574006603502134, 40.790905136586545 ], [ -3.595865378070224, 40.790991875222502 ], [ -3.610229551438549, 40.785891998481311 ], [ -3.608560887285108, 40.77966150389625 ], [ -3.593829797457567, 40.750556767591064 ], [ -3.543966613990322, 40.735035248995388 ], [ -3.511572898699631, 40.788495688542142 ] ] ] ] } },
{ "type": "Feature", "properties": { "CUDIS": "2816901", "NMUN": "Venturada", "NCA": "Comunidad de Madrid" }, "geometry": { "type": "MultiPolygon", "coordinates": [ [ [ [ -3.613312617161012, 40.809786835687753 ], [ -3.650973301894123, 40.801084081000546 ], [ -3.610229551438549, 40.785891998481311 ], [ -3.595865378070224, 40.790991875222502 ], [ -3.613312617161012, 40.809786835687753 ] ] ] ] } },
{ "type": "Feature", "properties": { "CUDIS": "2817001", "NMUN": "Villaconejos", "NCA": "Comunidad de Madrid" }, "geometry": { "type": "MultiPolygon", "coordinates": [ [ [ [ -3.549388141701796, 40.101946314599211 ], [ -3.451032631043731, 40.118243850314087 ], [ -3.522343045940851, 40.136443668385112 ], [ -3.549388141701796, 40.101946314599211 ] ] ] ] } },
{ "type": "Feature", "properties": { "CUDIS": "2817101", "NMUN": "Villa del Prado", "NCA": "Comunidad de Madrid" }, "geometry": { "type": "MultiPolygon", "coordinates": [ [ [ [ -4.231480990471188, 40.276666109595645 ], [ -4.295028387791568, 40.322623871817548 ], [ -4.356386757739592, 40.308620777618785 ], [ -4.34821728260179, 40.236844600505442 ], [ -4.295470550025533, 40.218734955174561 ], [ -4.231480990471188, 40.276666109595645 ] ] ] ] } },
{ "type": "Feature", "properties": { "CUDIS": "2817201", "NMUN": "Villalbilla", "NCA": "Comunidad de Madrid" }, "geometry": { "type": "MultiPolygon", "coordinates": [ [ [ [ -3.267418283850033, 40.439289682273234 ], [ -3.321330344208831, 40.471997206833692 ], [ -3.348076560893552, 40.453428878877183 ], [ -3.408734180081965, 40.453457572625048 ], [ -3.331395527263628, 40.423704490715103 ], [ -3.287890087745275, 40.418144303046148 ], [ -3.267418283850033, 40.439289682273234 ] ] ] ] } },
{ "type": "Feature", "properties": { "CUDIS": "2817301", "NMUN": "Villamanrique de Tajo", "NCA": "Comunidad de Madrid" }, "geometry": { "type": "MultiPolygon", "coordinates": [ [ [ [ -3.201036565133494, 40.085586398687305 ], [ -3.28642958976328, 40.052334341906054 ], [ -3.219939204818038, 40.059043240970482 ], [ -3.188618189487656, 40.082498719110234 ], [ -3.201036565133494, 40.085586398687305 ] ] ] ] } },
{ "type": "Feature", "properties": { "CUDIS": "2817401", "NMUN": "Villamanta", "NCA": "Comunidad de Madrid" }, "geometry": { "type": "MultiPolygon", "coordinates": [ [ [ [ -4.07010513072173, 40.335066084002989 ], [ -4.074125912508445, 40.342972982724966 ], [ -4.102910683316983, 40.335851710355414 ], [ -4.169680104283139, 40.318395988284863 ], [ -4.172486131638923, 40.288099892234477 ], [ -4.143619963953309, 40.244863959791225 ], [ -4.104244509866989, 40.241797580121577 ], [ -4.080456468315949, 40.266939610280851 ], [ -4.07010513072173, 40.335066084002989 ] ] ] ] } },
{ "type": "Feature", "properties": { "CUDIS": "2817501", "NMUN": "Villamantilla", "NCA": "Comunidad de Madrid" }, "geometry": { "type": "MultiPolygon", "coordinates": [ [ [ [ -4.102910683316983, 40.335851710355414 ], [ -4.136649939908589, 40.369871144455288 ], [ -4.146950792576958, 40.364697299603975 ], [ -4.182401029477807, 40.347774010017069 ], [ -4.187961542594956, 40.337852086605679 ], [ -4.169680104283139, 40.318395988284863 ], [ -4.102910683316983, 40.335851710355414 ] ] ] ] } },
{ "type": "Feature", "properties": { "CUDIS": "2817601", "NMUN": "Villanueva de la Cañada", "NCA": "Comunidad de Madrid" }, "geometry": { "type": "MultiPolygon", "coordinates": [ [ [ [ -3.948994311675478, 40.413778964305813 ], [ -3.944857687453762, 40.454856017866767 ], [ -3.936989077493367, 40.484485605028937 ], [ -3.993279476810037, 40.472650068363258 ], [ -4.041733662580139, 40.448701393164775 ], [ -4.026023526692298, 40.428221484614319 ], [ -3.94690907564527, 40.408039261850988 ], [ -3.948994311675478, 40.413778964305813 ] ] ] ] } },
{ "type": "Feature", "properties": { "CUDIS": "2817701", "NMUN": "Villanueva del Pardillo", "NCA": "Comunidad de Madrid" }, "geometry": { "type": "MultiPolygon", "coordinates": [ [ [ [ -3.936989077493367, 40.484485605028937 ], [ -3.933433150597364, 40.49968084671 ], [ -3.939759569593402, 40.508206065864442 ], [ -3.984655033859791, 40.516534980191999 ], [ -4.001147974309407, 40.485633743617726 ], [ -3.993279476810037, 40.472650068363258 ], [ -3.936989077493367, 40.484485605028937 ] ] ] ] } },
{ "type": "Feature", "properties": { "CUDIS": "2817801", "NMUN": "Villanueva de Perales", "NCA": "Comunidad de Madrid" }, "geometry": { "type": "MultiPolygon", "coordinates": [ [ [ [ -4.046490695182348, 40.388312613692065 ], [ -4.113024450269809, 40.402483455813567 ], [ -4.136649939908589, 40.369871144455288 ], [ -4.102910683316983, 40.335851710355414 ], [ -4.074125912508445, 40.342972982724966 ], [ -4.035160848960608, 40.378373207954901 ], [ -4.046490695182348, 40.388312613692065 ] ] ] ] } },
{ "type": "Feature", "properties": { "CUDIS": "2817901", "NMUN": "Villar del Olmo", "NCA": "Comunidad de Madrid" }, "geometry": { "type": "MultiPolygon", "coordinates": [ [ [ [ -3.204540423226897, 40.344022378225418 ], [ -3.233942120754851, 40.358338667813797 ], [ -3.27850224041515, 40.346182693399811 ], [ -3.288194546212168, 40.332712962325658 ], [ -3.252134655230278, 40.303479494112423 ], [ -3.216266788704418, 40.312882407232664 ], [ -3.204540423226897, 40.344022378225418 ] ] ] ] } },
{ "type": "Feature", "properties": { "CUDIS": "2818001", "NMUN": "Villarejo de Salvanés", "NCA": "Comunidad de Madrid" }, "geometry": { "type": "MultiPolygon", "coordinates": [ [ [ [ -3.201036565133494, 40.085586398687305 ], [ -3.197705481540494, 40.156140961312069 ], [ -3.270434353296065, 40.214778839633347 ], [ -3.297981143531392, 40.190528464397815 ], [ -3.32035661185014, 40.177984334232619 ], [ -3.296615927006144, 40.131310822677307 ], [ -3.348409987367225, 40.097977715177905 ], [ -3.345026804491076, 40.080106561102092 ], [ -3.29262151846743, 40.052238464832726 ], [ -3.28642958976328, 40.052334341906054 ], [ -3.201036565133494, 40.085586398687305 ] ] ] ] } },
{ "type": "Feature", "properties": { "CUDIS": "2818101", "NMUN": "Villaviciosa de Odón", "NCA": "Comunidad de Madrid" }, "geometry": { "type": "MultiPolygon", "coordinates": [ [ [ [ -3.941509796918046, 40.300163437830172 ], [ -3.901972605118087, 40.347562620436349 ], [ -3.870925169696533, 40.353117807017583 ], [ -3.867597674266416, 40.377683317367321 ], [ -3.948994311675478, 40.413778964305813 ], [ -3.94690907564527, 40.408039261850988 ], [ -4.005283507685914, 40.359292494139488 ], [ -4.006389498597681, 40.33938727451919 ], [ -3.941509796918046, 40.300163437830172 ] ] ] ] } },
{ "type": "Feature", "properties": { "CUDIS": "2818201", "NMUN": "Villavieja del Lozoya", "NCA": "Comunidad de Madrid" }, "geometry": { "type": "MultiPolygon", "coordinates": [ [ [ [ -3.654214669851038, 41.007268726801762 ], [ -3.721423060687819, 41.06503269246744 ], [ -3.739276218933626, 41.053863179607148 ], [ -3.748406384348614, 41.036640034332194 ], [ -3.679356650085478, 40.992148710582661 ], [ -3.665602702671478, 40.99531924104695 ], [ -3.654214669851038, 41.007268726801762 ] ] ] ] } },
{ "type": "Feature", "properties": { "CUDIS": "2818301", "NMUN": "Zarzalejo", "NCA": "Comunidad de Madrid" }, "geometry": { "type": "MultiPolygon", "coordinates": [ [ [ [ -4.160541585459157, 40.562547905050543 ], [ -4.167175295056099, 40.571287333248002 ], [ -4.196805352789072, 40.559130241426779 ], [ -4.153898553474711, 40.531529160933147 ], [ -4.160541585459157, 40.562547905050543 ] ] ] ] } },
{ "type": "Feature", "properties": { "CUDIS": "2890101", "NMUN": "Lozoyuela-Navas-Sieteiglesias", "NCA": "Comunidad de Madrid" }, "geometry": { "type": "MultiPolygon", "coordinates": [ [ [ [ -3.568630356054216, 40.904202612694341 ], [ -3.629384723967143, 40.961545946610606 ], [ -3.644460979383008, 40.953700358329336 ], [ -3.675331005151437, 40.892196406838799 ], [ -3.65042380979745, 40.879747527684458 ], [ -3.599347485861507, 40.88867007726941 ], [ -3.568630356054216, 40.904202612694341 ] ] ] ] } },
{ "type": "Feature", "properties": { "CUDIS": "2890201", "NMUN": "Puentes Viejas", "NCA": "Comunidad de Madrid" }, "geometry": { "type": "MultiPolygon", "coordinates": [ [ [ [ -3.491925804484818, 41.012553944089653 ], [ -3.557561567619638, 41.029121920461932 ], [ -3.575218842748206, 41.024003361971467 ], [ -3.580426278368553, 40.991020714980138 ], [ -3.629384723967143, 40.961545946610606 ], [ -3.568630356054216, 40.904202612694341 ], [ -3.544697859471223, 40.904516977239865 ], [ -3.549732645605262, 40.921244161442928 ], [ -3.562446270753314, 40.956174800412107 ], [ -3.495802227545323, 40.994038980417685 ], [ -3.491925804484818, 41.012553944089653 ] ] ] ] } },
{ "type": "Feature", "properties": { "CUDIS": "2890301", "NMUN": "Tres Cantos", "NCA": "Comunidad de Madrid" }, "geometry": { "type": "MultiPolygon", "coordinates": [ [ [ [ -3.810510349754131, 40.609470249901889 ], [ -3.719436272285247, 40.582100466382407 ], [ -3.667975320686766, 40.629601503114699 ], [ -3.810510349754131, 40.609470249901889 ] ] ] ] } }
]
}
